ZIP5,SDI_score
01001,36
01002,72
01003,76
01005,14
01007,14
01008,8
01009,49
01010,17
01011,28
01012,17
01013,87
01020,51
01022,62
01026,25
01027,32
01028,17
01029,28
01030,16
01031,72
01032,5
01033,10
01034,11
01035,18
01036,10
01037,8
01038,15
01039,6
01040,96
01050,20
01053,45
01054,9
01056,44
01057,15
01060,61
01062,31
01063,1
01066,
01068,6
01069,37
01070,12
01071,6
01072,24
01073,7
01074,66
01075,32
01077,27
01079,14
01080,80
01081,9
01082,56
01083,31
01084,19
01085,38
01086,1
01088,44
01089,61
01092,37
01093,4
01094,46
01095,4
01096,12
01097,81
01098,16
01103,99
01104,96
01105,100
01106,3
01107,100
01108,96
01109,96
01118,63
01119,72
01128,11
01129,54
01151,94
01199,
01201,62
01220,58
01222,34
01223,8
01224,60
01225,18
01226,10
01229,20
01230,31
01235,26
01236,24
01237,18
01238,25
01240,25
01242,20
01243,1
01244,15
01245,8
01247,74
01253,4
01254,7
01255,16
01256,35
01257,12
01258,5
01259,20
01260,62
01262,52
01264,31
01266,5
01267,35
01270,4
01301,58
01330,21
01331,53
01337,21
01338,25
01339,35
01340,26
01341,1
01342,47
01343,17
01344,43
01346,2
01347,46
01349,28
01350,37
01351,22
01354,9
01355,12
01360,19
01364,44
01366,7
01367,35
01368,16
01370,41
01373,15
01375,47
01376,67
01378,9
01379,21
01420,83
01430,2
01431,6
01432,25
01434,52
01436,17
01438,42
01440,72
01450,5
01451,2
01452,10
01453,69
01460,3
01462,14
01463,8
01464,25
01467,1
01468,7
01469,4
01473,2
01474,9
01475,44
01501,10
01503,4
01504,16
01505,4
01506,6
01507,16
01510,51
01515,18
01516,5
01518,28
01519,10
01520,3
01521,16
01522,17
01523,35
01524,24
01525,74
01527,21
01529,28
01531,25
01532,4
01534,18
01535,19
01536,18
01537,43
01540,19
01541,3
01542,22
01543,3
01545,15
01550,91
01560,23
01561,17
01562,35
01564,1
01566,11
01568,2
01569,22
01570,66
01571,34
01581,21
01583,29
01585,21
01588,32
01590,2
01602,50
01603,90
01604,83
01605,96
01606,53
01607,89
01608,100
01609,84
01610,97
01611,17
01612,5
01701,14
01702,78
01718,13
01719,18
01720,8
01721,4
01730,16
01731,23
01740,1
01741,1
01742,11
01745,3
01746,2
01747,15
01748,4
01749,21
01752,38
01754,7
01756,1
01757,51
01760,10
01770,1
01772,3
01773,16
01775,1
01776,1
01778,1
01801,33
01803,10
01810,5
01821,11
01824,5
01826,25
01827,1
01830,71
01832,70
01833,6
01834,2
01835,48
01840,100
01841,99
01843,93
01844,48
01845,22
01850,87
01851,86
01852,86
01854,95
01860,4
01862,21
01863,14
01864,2
01867,5
01876,9
01879,6
01880,10
01886,2
01887,5
01890,2
01901,98
01902,96
01904,47
01905,88
01906,32
01907,11
01908,8
01913,31
01915,38
01921,1
01922,15
01923,25
01929,5
01930,40
01937,54
01938,21
01940,6
01944,6
01945,10
01949,7
01950,13
01951,7
01952,20
01960,45
01966,17
01969,4
01970,68
01982,17
01983,5
01984,1
01985,5
02019,9
02021,11
02025,7
02026,18
02030,1
02032,2
02035,30
02038,5
02043,4
02045,15
02047,25
02048,17
02050,10
02052,1
02053,3
02054,3
02056,4
02061,1
02062,38
02066,2
02067,4
02071,45
02072,31
02081,13
02090,4
02093,4
02108,44
02109,54
02110,33
02111,91
02113,39
02114,45
02115,93
02116,57
02118,92
02119,99
02120,98
02121,99
02122,92
02124,92
02125,94
02126,92
02127,69
02128,92
02129,64
02130,65
02131,66
02132,21
02134,76
02135,63
02136,83
02138,48
02139,57
02140,64
02141,71
02142,49
02143,55
02144,46
02145,73
02148,75
02149,83
02150,95
02151,77
02152,38
02155,41
02163,67
02169,67
02170,60
02171,53
02176,17
02180,20
02184,19
02186,8
02188,32
02189,48
02190,20
02191,16
02199,57
02203,
02210,28
02215,77
02301,92
02302,63
02322,32
02324,29
02330,16
02332,3
02333,15
02338,9
02339,5
02341,5
02343,15
02346,14
02347,4
02351,15
02356,11
02357,55
02359,3
02360,15
02364,15
02366,
02367,2
02368,56
02370,25
02375,11
02379,5
02382,25
02420,2
02421,9
02445,36
02446,54
02451,27
02452,37
02453,57
02457,4
02458,18
02459,7
02460,25
02461,7
02462,16
02464,17
02465,3
02466,42
02467,30
02468,1
02472,34
02474,26
02476,26
02478,23
02481,9
02482,5
02492,2
02493,10
02494,15
02532,14
02534,33
02535,14
02536,12
02537,4
02538,61
02539,16
02540,24
02542,22
02543,13
02553,
02554,27
02556,2
02557,20
02558,54
02559,15
02561,6
02562,4
02563,2
02564,24
02568,56
02571,54
02575,2
02576,10
02584,
02601,77
02630,2
02631,13
02632,5
02633,11
02635,8
02637,1
02638,12
02639,58
02641,3
02642,9
02643,
02644,6
02645,12
02646,16
02647,1
02648,4
02649,7
02650,16
02651,
02652,7
02653,14
02655,12
02657,31
02659,5
02660,20
02663,1
02664,25
02666,14
02667,25
02668,7
02669,1
02670,24
02671,6
02672,10
02673,34
02675,6
02702,9
02703,40
02713,20
02715,3
02717,13
02718,37
02719,33
02720,86
02721,95
02723,94
02724,95
02725,31
02726,13
02738,13
02739,3
02740,89
02743,25
02744,96
02745,78
02746,99
02747,43
02748,25
02760,36
02762,12
02763,4
02764,6
02766,11
02767,9
02769,1
02770,5
02771,13
02777,12
02779,3
02780,77
02790,22
02791,30
02802,88
02804,3
02806,1
02807,30
02808,39
02809,39
02812,3
02813,24
02814,12
02815,1
02816,29
02817,5
02818,16
02822,15
02825,5
02826,18
02827,6
02828,9
02830,35
02831,6
02832,13
02833,23
02835,4
02836,1
02837,6
02838,73
02839,69
02840,66
02841,1
02842,43
02852,29
02857,3
02858,21
02859,37
02860,93
02861,56
02863,100
02864,23
02865,19
02871,12
02872,19
02873,1
02874,2
02875,2
02876,57
02878,22
02879,21
02881,46
02882,29
02885,59
02886,34
02888,21
02889,22
02891,47
02892,1
02893,66
02894,14
02895,93
02896,18
02898,15
02903,97
02904,82
02905,92
02906,49
02907,99
02908,88
02909,99
02910,45
02911,63
02912,1
02914,80
02915,39
02916,21
02917,15
02919,39
02920,57
02921,7
03031,1
03032,1
03033,2
03034,4
03036,1
03037,13
03038,40
03042,12
03043,5
03044,1
03045,16
03046,1
03047,21
03048,16
03049,1
03051,6
03052,2
03053,3
03054,5
03055,30
03057,7
03060,84
03062,13
03063,23
03064,58
03070,3
03071,8
03076,3
03077,24
03079,18
03082,4
03084,12
03086,6
03087,1
03101,94
03102,78
03103,85
03104,59
03106,10
03109,17
03110,4
03215,1
03216,23
03217,63
03218,13
03220,30
03221,9
03222,25
03223,25
03224,2
03225,13
03226,4
03227,7
03229,4
03230,12
03231,7
03233,1
03234,15
03235,46
03237,12
03238,17
03240,35
03241,19
03242,27
03243,24
03244,19
03245,24
03246,49
03249,9
03251,29
03253,38
03254,9
03255,1
03256,18
03257,5
03258,9
03259,5
03260,1
03261,9
03262,29
03263,52
03264,56
03266,33
03268,11
03269,7
03273,2
03275,25
03276,33
03278,27
03279,15
03280,1
03281,7
03282,14
03284,15
03285,5
03287,3
03290,1
03291,34
03293,5
03301,57
03303,31
03304,1
03307,13
03431,56
03440,16
03441,60
03442,22
03443,4
03444,6
03445,21
03446,12
03447,10
03448,16
03449,3
03450,10
03451,35
03452,27
03455,31
03456,18
03457,20
03458,33
03461,10
03462,4
03464,9
03465,34
03466,6
03467,1
03470,58
03561,72
03570,82
03574,28
03575,20
03576,42
03579,22
03580,7
03581,14
03582,60
03583,9
03584,36
03585,37
03586,4
03588,21
03590,75
03592,19
03593,2
03595,11
03597,74
03598,49
03601,4
03602,48
03603,46
03604,10
03605,25
03607,8
03608,5
03609,23
03740,18
03741,14
03743,68
03745,15
03746,2
03748,15
03750,10
03751,50
03752,47
03753,2
03754,11
03755,29
03765,1
03766,49
03768,1
03770,11
03771,8
03773,47
03774,21
03777,30
03779,7
03780,11
03781,5
03782,12
03784,49
03785,57
03801,29
03809,8
03810,10
03811,1
03812,33
03813,13
03814,50
03816,16
03817,59
03818,63
03819,8
03820,44
03823,3
03824,52
03825,5
03826,27
03827,3
03830,19
03832,10
03833,17
03835,45
03836,6
03837,34
03838,23
03839,53
03840,5
03841,7
03842,7
03844,1
03845,5
03846,18
03847,1
03848,19
03849,27
03850,2
03851,11
03852,1
03853,16
03854,1
03855,10
03856,1
03857,27
03858,7
03860,39
03861,6
03862,4
03864,56
03865,7
03867,48
03868,52
03869,11
03870,3
03871,2
03872,5
03873,7
03874,31
03875,3
03878,48
03882,24
03883,23
03884,1
03885,1
03886,16
03887,20
03890,1
03894,19
03901,10
03902,1
03903,2
03904,23
03905,1
03906,9
03907,16
03908,14
03909,9
03910,14
03911,
04001,19
04002,15
04003,19
04005,57
04006,39
04008,11
04009,31
04010,19
04011,34
04015,44
04017,17
04019,4
04020,36
04021,13
04022,28
04024,24
04027,31
04029,14
04030,21
04032,6
04037,22
04038,9
04039,15
04040,28
04041,45
04042,20
04043,19
04046,5
04047,32
04048,35
04049,9
04050,9
04051,13
04055,26
04056,7
04057,1
04061,39
04062,13
04063,35
04064,36
04066,6
04068,37
04069,9
04071,2
04072,28
04073,67
04074,4
04076,10
04079,11
04083,37
04084,3
04085,27
04086,20
04087,9
04088,22
04090,23
04091,40
04092,60
04093,18
04095,16
04096,10
04097,2
04101,83
04102,53
04103,42
04105,2
04106,39
04107,1
04108,8
04109,39
04110,1
04210,58
04216,22
04217,42
04219,29
04220,20
04221,60
04222,5
04224,71
04226,21
04227,8
04228,
04231,32
04234,1
04236,8
04237,1
04238,33
04239,21
04240,80
04250,42
04252,15
04253,23
04254,80
04255,15
04256,37
04257,17
04258,8
04259,51
04260,16
04261,12
04263,28
04265,20
04267,3
04268,57
04270,64
04271,
04274,9
04275,21
04276,42
04280,40
04281,51
04282,19
04284,13
04285,19
04286,23
04287,11
04289,59
04290,10
04292,36
04294,20
04330,66
04342,19
04343,
04344,42
04345,51
04346,62
04347,51
04348,17
04349,11
04350,11
04351,7
04352,15
04353,54
04354,16
04355,20
04357,43
04358,16
04359,31
04360,9
04363,24
04364,21
04401,62
04406,33
04408,8
04410,40
04411,7
04412,56
04413,64
04414,35
04415,67
04416,46
04417,53
04418,58
04419,5
04421,45
04422,20
04424,55
04426,47
04427,36
04428,22
04429,14
04430,66
04431,
04434,29
04435,52
04438,60
04441,41
04442,
04443,62
04444,10
04448,59
04449,43
04450,39
04451,47
04453,76
04454,
04455,43
04456,17
04457,79
04459,71
04460,52
04461,41
04462,55
04463,75
04464,61
04468,74
04469,2
04471,52
04472,14
04473,64
04474,10
04475,37
04476,30
04478,40
04479,68
04481,25
04485,43
04487,56
04488,36
04489,34
04490,9
04491,37
04492,51
04493,45
04495,47
04496,44
04497,53
04530,48
04535,40
04537,4
04538,34
04539,17
04541,
04543,48
04544,1
04547,39
04548,8
04551,31
04553,22
04554,19
04555,20
04556,24
04558,7
04562,16
04563,19
04564,7
04568,32
04570,
04571,9
04572,61
04573,4
04574,32
04575,1
04576,13
04578,60
04579,14
04605,43
04606,56
04607,38
04609,44
04611,21
04612,14
04613,7
04614,28
04616,1
04617,11
04619,70
04622,47
04623,53
04624,22
04625,29
04626,36
04627,43
04628,10
04629,
04630,37
04631,58
04634,58
04635,46
04637,22
04640,30
04642,8
04643,26
04644,
04645,21
04646,47
04648,66
04649,65
04650,4
04652,64
04653,31
04654,75
04655,33
04657,18
04658,55
04660,1
04662,8
04664,35
04666,51
04667,79
04668,86
04669,8
04671,15
04673,28
04674,18
04675,16
04676,34
04677,7
04679,25
04680,46
04681,51
04683,1
04684,18
04685,35
04686,13
04691,15
04693,48
04694,56
04730,72
04732,47
04733,7
04734,26
04735,50
04736,61
04739,48
04740,44
04741,
04742,30
04743,39
04745,21
04746,71
04747,34
04750,71
04756,46
04757,32
04758,58
04760,57
04761,36
04762,41
04763,56
04764,10
04765,73
04766,52
04768,31
04769,59
04772,55
04773,43
04774,62
04776,56
04777,72
04779,28
04780,59
04781,59
04783,17
04785,75
04786,51
04787,48
04841,63
04843,24
04847,10
04848,1
04849,6
04851,35
04852,15
04853,6
04854,6
04855,2
04856,17
04858,9
04859,11
04860,2
04861,33
04862,18
04863,22
04864,36
04901,67
04910,22
04911,76
04912,60
04915,58
04917,18
04918,24
04920,54
04921,51
04922,72
04923,61
04924,66
04925,43
04926,19
04927,47
04928,20
04929,80
04930,63
04932,15
04933,1
04936,43
04937,82
04938,49
04939,33
04940,
04941,27
04942,43
04943,53
04944,1
04945,22
04947,11
04949,44
04950,56
04951,54
04952,26
04953,40
04955,26
04956,29
04957,50
04958,34
04961,31
04962,67
04963,23
04964,1
04965,49
04966,59
04967,71
04969,22
04970,20
04971,39
04973,32
04974,50
04975,
04976,72
04978,7
04979,24
04981,17
04982,53
04983,41
04984,35
04985,40
04986,47
04987,52
04988,71
04989,13
04992,1
05001,23
05031,1
05032,33
05033,48
05034,49
05035,27
05036,31
05037,1
05038,35
05039,60
05040,18
05041,14
05042,37
05043,13
05045,14
05046,24
05048,13
05050,61
05051,36
05052,9
05053,1
05055,17
05056,15
05058,41
05059,2
05060,39
05061,6
05062,21
05065,31
05067,1
05068,51
05069,43
05070,13
05071,1
05072,6
05075,8
05076,48
05077,18
05079,32
05081,74
05083,47
05084,3
05086,40
05089,36
05091,16
05101,77
05141,53
05142,24
05143,27
05146,12
05148,5
05149,50
05150,79
05151,19
05152,7
05153,24
05154,56
05155,20
05156,46
05158,43
05161,20
05201,61
05250,23
05251,5
05252,8
05253,16
05254,1
05255,35
05257,40
05260,32
05261,38
05262,10
05301,64
05340,5
05341,62
05342,16
05343,18
05345,18
05346,27
05350,49
05352,26
05353,27
05354,30
05355,23
05356,11
05358,35
05359,7
05360,26
05361,23
05362,15
05363,36
05401,82
05403,31
05404,84
05405,1
05408,51
05439,1
05440,33
05441,18
05442,41
05443,20
05444,7
05445,2
05446,34
05447,26
05448,19
05450,35
05452,26
05454,14
05455,24
05456,15
05457,10
05458,10
05459,18
05461,20
05462,5
05463,19
05464,37
05465,3
05468,9
05471,40
05472,13
05473,2
05474,12
05476,71
05477,3
05478,45
05481,
05482,17
05483,30
05485,10
05486,8
05487,25
05488,51
05489,1
05491,24
05492,23
05494,1
05495,12
05602,31
05640,8
05641,61
05647,45
05648,4
05649,8
05650,25
05651,16
05652,20
05653,31
05654,62
05655,20
05656,72
05657,13
05658,17
05660,5
05661,52
05663,37
05664,1
05667,41
05669,20
05672,35
05673,10
05674,31
05675,38
05676,23
05677,28
05678,20
05679,23
05680,33
05681,7
05682,18
05701,57
05730,28
05732,40
05733,30
05734,17
05735,33
05736,56
05737,8
05738,9
05739,34
05740,
05742,4
05743,51
05744,46
05747,36
05748,49
05751,4
05753,32
05757,17
05758,2
05759,16
05760,8
05761,19
05762,11
05763,23
05764,41
05765,8
05766,16
05767,25
05769,15
05770,36
05772,4
05773,17
05774,22
05775,81
05776,13
05777,19
05778,43
05819,57
05820,34
05821,19
05822,47
05824,34
05825,1
05826,27
05827,36
05828,20
05829,43
05830,33
05832,11
05833,9
05836,19
05837,46
05839,61
05841,9
05842,26
05843,33
05845,55
05846,44
05847,56
05850,36
05851,47
05853,17
05855,69
05857,39
05858,27
05859,44
05860,46
05862,7
05866,30
05867,25
05868,13
05871,55
05872,61
05873,17
05874,16
05875,21
05901,
05902,67
05903,36
05904,79
05905,20
05906,44
05907,20
06001,3
06002,34
06010,53
06013,1
06016,32
06018,50
06019,6
06020,
06021,3
06022,1
06023,33
06024,17
06026,22
06027,6
06029,18
06031,2
06032,24
06033,9
06035,4
06037,11
06039,39
06040,66
06042,37
06043,9
06051,99
06052,64
06053,87
06057,1
06058,21
06059,
06060,4
06061,4
06062,32
06063,6
06065,15
06066,56
06067,27
06068,36
06069,44
06070,5
06071,6
06073,1
06074,10
06076,25
06078,13
06081,38
06082,33
06084,1
06085,18
06088,18
06089,3
06090,2
06091,7
06092,1
06093,3
06095,14
06096,25
06098,59
06103,57
06105,96
06106,99
06107,2
06108,90
06109,19
06110,54
06111,22
06112,96
06114,99
06117,15
06118,65
06119,50
06120,100
06160,
06226,98
06231,2
06232,2
06234,38
06235,15
06237,1
06238,6
06239,68
06241,48
06242,11
06243,41
06247,5
06248,3
06249,13
06250,33
06254,5
06255,36
06256,25
06259,5
06260,53
06262,27
06263,41
06264,7
06266,32
06268,65
06269,1
06277,13
06278,34
06279,33
06280,42
06281,10
06282,2
06320,94
06330,38
06331,12
06332,19
06333,7
06334,11
06335,2
06336,1
06339,5
06340,66
06350,7
06351,30
06353,36
06354,58
06355,15
06357,22
06359,15
06360,74
06365,9
06370,18
06371,7
06373,38
06374,29
06375,7
06376,2
06377,16
06378,6
06379,37
06380,82
06382,33
06384,23
06385,16
06387,82
06389,
06390,19
06401,72
06403,19
06405,25
06409,26
06410,4
06412,13
06413,16
06414,8
06415,19
06416,20
06417,8
06418,74
06419,1
06420,3
06422,3
06423,4
06424,13
06426,6
06437,3
06438,8
06441,17
06442,14
06443,3
06444,11
06447,4
06450,58
06451,73
06455,10
06456,22
06457,61
06460,20
06461,8
06467,3
06468,3
06469,14
06470,6
06471,9
06472,4
06473,11
06475,11
06477,5
06478,4
06479,9
06480,20
06481,8
06482,1
06483,29
06484,16
06488,12
06489,10
06492,21
06498,9
06510,69
06511,93
06512,55
06513,96
06514,54
06515,79
06516,75
06517,33
06518,27
06519,100
06524,5
06525,3
06604,98
06605,99
06606,80
06607,98
06608,100
06610,94
06611,8
06612,2
06614,24
06615,59
06702,98
06704,97
06705,90
06706,96
06708,86
06710,99
06712,4
06716,6
06750,30
06751,4
06752,5
06754,10
06755,5
06756,3
06757,21
06758,6
06759,15
06762,6
06763,14
06770,38
06776,12
06777,1
06778,10
06779,25
06782,8
06783,1
06784,3
06785,16
06786,15
06787,21
06790,58
06791,7
06793,22
06794,21
06795,16
06796,3
06798,12
06801,13
06804,7
06807,21
06810,84
06811,31
06812,2
06820,3
06824,3
06825,22
06830,41
06831,8
06840,5
06850,52
06851,31
06853,6
06854,86
06855,56
06856,
06870,2
06877,3
06878,5
06880,3
06883,1
06890,3
06896,2
06897,3
06901,76
06902,78
06903,3
06905,25
06906,61
06907,39
07001,56
07002,79
07003,53
07004,4
07005,16
07006,9
07008,70
07009,7
07010,57
07011,78
07012,45
07013,34
07014,35
07016,10
07017,91
07018,95
07020,37
07021,1
07022,76
07023,6
07024,42
07026,80
07027,32
07028,2
07029,87
07030,48
07031,48
07032,74
07033,36
07034,35
07035,18
07036,68
07039,3
07040,25
07041,18
07042,47
07043,3
07044,2
07045,2
07046,1
07047,81
07050,96
07052,31
07054,33
07055,99
07057,53
07058,21
07059,1
07060,94
07062,75
07063,86
07064,25
07065,44
07066,12
07067,8
07068,4
07069,7
07070,21
07071,47
07072,34
07073,58
07074,43
07075,18
07076,7
07077,35
07078,3
07079,34
07080,18
07081,20
07082,2
07083,27
07086,58
07087,95
07088,50
07090,4
07092,4
07093,94
07094,40
07095,45
07102,100
07103,100
07104,99
07105,98
07106,95
07107,100
07108,99
07109,69
07110,21
07111,95
07112,94
07114,100
07201,94
07202,94
07203,70
07204,43
07205,58
07206,98
07208,92
07302,49
07304,94
07305,93
07306,87
07307,85
07310,59
07311,28
07401,4
07403,33
07405,9
07407,49
07410,11
07416,32
07417,2
07418,1
07419,17
07420,29
07421,14
07422,4
07423,1
07424,33
07430,16
07432,11
07435,1
07436,2
07438,5
07439,17
07440,14
07442,31
07444,21
07446,2
07450,5
07452,3
07456,2
07457,20
07458,2
07460,9
07461,10
07462,13
07463,4
07465,7
07470,11
07480,4
07481,2
07495,
07501,99
07502,85
07503,95
07504,79
07505,100
07506,39
07508,56
07512,12
07513,98
07514,97
07522,98
07524,98
07601,78
07603,43
07604,36
07605,27
07606,62
07607,30
07608,72
07620,15
07621,37
07624,3
07626,2
07627,2
07628,23
07630,6
07631,64
07632,3
07640,9
07641,1
07642,5
07643,65
07644,72
07645,10
07646,28
07647,11
07648,9
07649,3
07650,67
07652,12
07656,6
07657,44
07660,48
07661,10
07662,27
07663,22
07666,28
07670,7
07675,13
07676,2
07677,1
07701,47
07702,4
07703,43
07704,2
07711,1
07712,72
07716,11
07717,26
07718,11
07719,24
07720,62
07721,23
07722,1
07723,69
07724,35
07726,8
07727,46
07728,35
07730,13
07731,7
07732,31
07733,5
07734,81
07735,32
07737,6
07738,7
07739,1
07740,89
07746,2
07747,13
07748,7
07750,2
07751,2
07753,54
07755,14
07756,31
07757,10
07758,22
07760,3
07762,21
07764,18
07801,68
07803,28
07820,51
07821,4
07822,9
07823,35
07825,11
07826,11
07827,22
07828,46
07830,1
07832,8
07833,7
07834,7
07836,23
07838,1
07840,40
07842,4
07843,6
07846,1
07847,1
07848,23
07849,10
07850,32
07851,1
07852,9
07853,1
07856,12
07857,62
07860,23
07863,21
07865,6
07866,9
07869,9
07870,9
07871,2
07874,5
07876,4
07878,7
07880,9
07881,
07882,20
07885,47
07901,20
07920,5
07921,11
07922,5
07924,4
07926,11
07927,25
07928,1
07930,4
07931,2
07932,18
07933,5
07934,11
07935,3
07936,5
07939,82
07940,19
07945,1
07946,1
07950,10
07960,31
07961,
07970,1
07974,7
07976,8
07977,27
07979,1
07980,8
07981,5
08001,4
08002,31
08003,4
08004,9
08005,24
08006,1
08007,40
08008,10
08009,25
08010,67
08011,
08012,38
08014,33
08015,50
08016,45
08019,17
08020,14
08021,68
08022,4
08023,74
08026,6
08027,40
08028,71
08029,31
08030,63
08031,72
08033,4
08034,21
08035,15
08036,6
08037,44
08038,21
08039,76
08041,25
08042,13
08043,37
08045,66
08046,37
08048,31
08049,34
08050,20
08051,20
08052,52
08053,9
08054,13
08055,2
08056,1
08057,6
08059,34
08060,30
08061,3
08062,2
08063,32
08064,
08065,37
08066,68
08067,34
08068,62
08069,87
08070,41
08071,38
08072,1
08073,5
08074,11
08075,38
08077,3
08078,41
08079,81
08080,7
08081,33
08083,27
08084,30
08085,8
08086,20
08087,23
08088,11
08089,27
08090,11
08091,65
08092,33
08093,66
08094,20
08095,20
08096,44
08097,14
08098,25
08102,100
08103,99
08104,100
08105,99
08106,25
08107,66
08108,17
08109,49
08110,79
08201,54
08202,5
08203,25
08204,26
08205,32
08210,28
08212,21
08215,48
08217,
08221,10
08223,3
08224,42
08225,19
08226,30
08230,14
08232,96
08234,26
08240,2
08241,7
08242,60
08243,10
08244,63
08246,
08247,3
08248,1
08251,50
08260,52
08270,53
08302,90
08310,34
08311,78
08312,44
08314,33
08316,37
08317,22
08318,10
08319,4
08320,
08321,48
08322,21
08323,15
08324,8
08326,24
08327,61
08328,38
08329,1
08330,42
08332,74
08340,37
08341,84
08343,18
08344,18
08345,42
08346,42
08348,17
08349,30
08350,63
08352,19
08353,44
08360,84
08361,50
08401,100
08402,9
08403,6
08406,54
08501,3
08502,2
08505,13
08510,4
08511,15
08512,55
08514,13
08515,3
08518,52
08520,38
08525,10
08527,8
08528,1
08530,20
08533,14
08534,2
08535,3
08536,25
08540,20
08542,42
08550,3
08551,4
08553,3
08554,13
08555,6
08558,14
08559,5
08560,10
08561,14
08562,42
08608,97
08609,97
08610,66
08611,99
08618,94
08619,32
08620,11
08628,18
08629,77
08638,85
08640,55
08641,25
08648,22
08690,3
08691,3
08701,78
08720,11
08721,27
08722,28
08723,34
08724,13
08730,1
08731,27
08732,3
08733,49
08734,7
08735,19
08736,2
08738,2
08740,44
08741,8
08742,13
08750,1
08751,61
08752,17
08753,28
08755,28
08757,32
08758,26
08759,30
08801,7
08802,3
08804,1
08805,57
08807,8
08808,26
08809,20
08810,7
08812,19
08816,19
08817,38
08820,28
08821,2
08822,20
08823,19
08824,4
08825,28
08826,6
08827,3
08828,15
08829,42
08830,37
08831,12
08832,77
08833,3
08835,56
08836,1
08837,44
08840,6
08844,4
08846,36
08848,4
08850,16
08852,17
08853,3
08854,36
08857,25
08858,1
08859,43
08861,93
08863,30
08865,57
08867,1
08869,39
08872,46
08873,29
08876,28
08879,44
08880,35
08882,56
08884,25
08886,10
08887,14
08889,6
08890,11
08901,100
08902,52
08904,53
10001,70
10002,97
10003,49
10004,30
10005,50
10006,38
10007,37
10009,88
10010,50
10011,51
10012,60
10013,69
10014,37
10016,42
10017,42
10018,65
10019,63
10020,
10021,30
10022,26
10023,43
10024,41
10025,74
10026,95
10027,95
10028,34
10029,100
10030,99
10031,96
10032,97
10033,94
10034,95
10035,100
10036,69
10037,97
10038,85
10039,98
10040,97
10044,69
10065,35
10069,53
10075,31
10103,
10110,
10111,
10112,
10115,
10119,
10128,39
10152,
10153,
10154,
10162,45
10165,
10167,
10168,
10169,
10170,
10171,
10172,
10173,
10174,
10177,
10199,
10271,
10278,
10279,21
10280,36
10282,38
10301,85
10302,75
10303,88
10304,91
10305,63
10306,45
10307,23
10308,19
10309,12
10310,77
10311,
10312,20
10314,40
10451,100
10452,100
10453,100
10454,100
10455,100
10456,100
10457,100
10458,100
10459,100
10460,100
10461,89
10462,96
10463,92
10464,50
10465,77
10466,94
10467,99
10468,100
10469,88
10470,82
10471,60
10472,100
10473,99
10474,100
10475,81
10501,3
10502,13
10503,6
10504,1
10505,18
10506,1
10507,68
10509,26
10510,6
10511,24
10512,17
10514,1
10516,16
10517,22
10518,14
10519,10
10520,30
10522,25
10523,62
10524,7
10526,8
10527,2
10528,35
10530,14
10532,23
10533,10
10535,35
10536,1
10537,23
10538,8
10541,8
10543,47
10545,42
10546,1
10547,37
10548,33
10549,46
10550,93
10552,60
10553,75
10560,14
10562,62
10566,83
10567,8
10570,14
10573,73
10576,1
10577,16
10578,8
10579,6
10580,15
10583,3
10588,56
10589,5
10590,1
10591,65
10594,12
10595,56
10596,36
10597,1
10598,6
10601,87
10603,50
10604,49
10605,34
10606,76
10607,24
10701,97
10703,84
10704,62
10705,94
10706,10
10707,24
10708,24
10709,18
10710,47
10801,86
10803,20
10804,1
10805,74
10901,31
10910,
10911,
10913,5
10914,6
10915,4
10916,7
10917,11
10918,12
10919,21
10920,10
10921,9
10922,21
10923,67
10924,34
10925,28
10926,39
10927,92
10928,34
10930,20
10931,60
10932,23
10933,37
10940,72
10941,44
10950,77
10952,88
10953,1
10954,21
10956,5
10958,21
10960,48
10962,15
10963,62
10964,14
10965,17
10968,25
10969,2
10970,37
10973,21
10974,16
10975,27
10976,53
10977,93
10979,2
10980,19
10983,7
10984,9
10985,7
10986,14
10987,15
10988,20
10989,3
10990,15
10992,15
10993,85
10994,1
10996,22
10998,14
11001,19
11003,31
11004,32
11005,18
11010,13
11020,4
11021,22
11023,25
11024,19
11030,6
11040,12
11042,
11050,31
11096,91
11101,85
11102,76
11103,73
11104,69
11105,62
11106,76
11109,32
11201,64
11203,84
11204,90
11205,97
11206,100
11207,99
11208,97
11209,66
11210,74
11211,88
11212,100
11213,97
11214,87
11215,47
11216,83
11217,74
11218,84
11219,93
11220,96
11221,96
11222,61
11223,89
11224,98
11225,88
11226,88
11228,72
11229,76
11230,85
11231,84
11232,95
11233,97
11234,53
11235,78
11236,78
11237,98
11238,70
11239,96
11351,
11354,87
11355,87
11356,70
11357,35
11358,60
11359,
11360,32
11361,53
11362,27
11363,23
11364,42
11365,76
11366,59
11367,79
11368,95
11369,84
11370,78
11371,
11372,83
11373,81
11374,66
11375,50
11377,74
11378,68
11379,53
11385,75
11411,25
11412,55
11413,51
11414,46
11415,58
11416,84
11417,77
11418,85
11419,75
11420,70
11421,78
11422,55
11423,72
11424,
11425,
11426,35
11427,61
11428,50
11429,58
11430,52
11432,84
11433,93
11434,73
11435,85
11436,71
11451,
11501,28
11507,8
11509,1
11510,17
11514,53
11516,18
11518,21
11520,64
11530,3
11542,68
11545,3
11547,21
11548,26
11549,2
11550,93
11552,25
11553,63
11554,17
11556,
11557,8
11558,34
11559,16
11560,11
11561,37
11563,24
11565,2
11566,2
11568,6
11569,5
11570,23
11572,13
11575,65
11576,2
11577,10
11579,15
11580,28
11581,22
11590,41
11596,3
11598,9
11691,97
11692,98
11693,84
11694,60
11697,10
11701,55
11702,6
11703,16
11704,34
11705,15
11706,53
11709,4
11710,6
11713,63
11714,8
11715,1
11716,12
11717,65
11718,3
11719,56
11720,23
11721,6
11722,64
11724,1
11725,3
11726,63
11727,38
11729,27
11730,10
11731,2
11732,7
11733,2
11735,15
11738,15
11739,2
11740,6
11741,13
11742,9
11743,6
11746,28
11747,4
11749,16
11751,11
11752,10
11753,6
11754,12
11755,10
11756,10
11757,23
11758,2
11762,3
11763,29
11764,3
11765,4
11766,8
11767,6
11768,1
11769,7
11770,23
11771,8
11772,58
11776,33
11777,13
11778,12
11779,22
11780,5
11782,19
11783,3
11784,24
11786,5
11787,6
11788,11
11789,6
11790,8
11791,3
11792,4
11793,3
11794,2
11795,5
11796,32
11797,4
11798,74
11801,15
11803,6
11804,3
11901,60
11930,12
11931,23
11932,21
11933,35
11934,8
11935,5
11937,28
11939,18
11940,4
11941,3
11942,14
11944,62
11946,39
11947,1
11948,26
11949,20
11950,46
11951,54
11952,5
11953,39
11954,6
11955,26
11956,23
11957,8
11958,1
11959,16
11960,2
11961,27
11962,8
11963,18
11964,12
11965,1
11967,45
11968,18
11970,43
11971,25
11972,31
11973,2
11975,21
11976,5
11977,14
11978,21
11980,17
12007,1
12008,7
12009,14
12010,77
12015,23
12017,2
12018,10
12019,2
12020,22
12022,13
12023,15
12024,
12025,21
12027,3
12028,24
12029,6
12031,80
12032,18
12033,12
12035,31
12036,61
12037,33
12040,40
12041,16
12042,9
12043,66
12045,27
12046,7
12047,69
12051,49
12052,30
12053,18
12054,13
12056,19
12057,30
12058,51
12059,6
12060,12
12061,12
12062,27
12063,25
12064,23
12065,11
12066,11
12067,1
12068,36
12069,28
12070,26
12071,69
12072,76
12074,6
12075,19
12076,41
12077,12
12078,79
12083,21
12084,34
12085,63
12086,19
12087,1
12089,50
12090,61
12092,23
12093,48
12094,20
12095,45
12106,10
12108,25
12110,23
12115,1
12116,57
12117,25
12118,32
12120,39
12121,14
12122,44
12123,9
12124,27
12125,43
12130,35
12131,37
12132,8
12134,51
12136,1
12137,5
12138,46
12139,10
12140,3
12143,36
12144,48
12147,7
12148,5
12149,69
12150,9
12151,4
12153,1
12154,12
12155,42
12156,10
12157,24
12158,20
12159,8
12160,47
12161,1
12164,21
12165,17
12166,49
12167,68
12168,25
12169,11
12170,20
12172,51
12173,29
12174,30
12175,16
12176,29
12177,15
12180,81
12182,80
12183,62
12184,41
12185,5
12186,2
12187,48
12188,36
12189,69
12190,20
12192,15
12193,22
12194,44
12195,24
12196,8
12197,37
12198,17
12202,98
12203,53
12204,87
12205,32
12206,99
12207,100
12208,61
12209,76
12210,86
12211,6
12222,78
12302,23
12303,45
12304,72
12305,90
12306,41
12307,98
12308,82
12309,6
12401,82
12404,41
12405,5
12406,89
12407,19
12409,12
12410,8
12411,3
12412,36
12413,70
12414,78
12416,34
12417,3
12418,53
12419,71
12420,11
12421,31
12422,8
12423,62
12424,1
12427,10
12428,88
12429,26
12430,47
12431,20
12432,73
12433,43
12434,62
12435,35
12436,44
12438,11
12439,30
12440,34
12441,1
12442,53
12443,3
12444,12
12446,45
12448,4
12449,52
12450,1
12451,28
12452,52
12453,25
12454,14
12455,51
12456,37
12457,68
12458,61
12459,19
12460,58
12461,42
12463,35
12464,41
12465,37
12466,4
12468,41
12469,10
12470,9
12471,37
12472,48
12473,1
12474,16
12475,85
12477,38
12480,17
12481,28
12482,61
12483,36
12484,16
12485,45
12486,9
12487,38
12489,81
12490,20
12491,27
12492,14
12493,40
12494,1
12495,6
12496,33
12498,39
12501,80
12502,41
12503,29
12504,17
12507,27
12508,61
12512,1
12513,5
12514,3
12515,27
12516,28
12517,57
12518,28
12520,10
12521,11
12522,58
12523,34
12524,38
12525,13
12526,17
12527,
12528,46
12529,35
12530,1
12531,11
12533,8
12534,74
12538,46
12540,2
12542,23
12543,53
12545,52
12546,41
12547,12
12548,18
12549,18
12550,83
12553,28
12561,52
12563,22
12564,39
12565,73
12566,34
12567,52
12569,29
12570,3
12571,21
12572,35
12574,1
12575,4
12577,7
12578,22
12580,32
12581,21
12582,16
12583,49
12585,69
12586,39
12589,49
12590,36
12592,71
12594,53
12601,91
12603,22
12604,1
12701,94
12719,21
12720,41
12721,44
12722,21
12723,39
12724,13
12725,30
12726,19
12729,70
12732,13
12733,95
12734,92
12736,33
12737,9
12738,64
12740,36
12741,15
12742,17
12743,59
12745,45
12746,8
12747,63
12748,18
12749,64
12750,60
12751,91
12752,34
12754,88
12758,52
12759,85
12760,16
12762,62
12763,29
12764,56
12765,5
12766,34
12767,13
12768,21
12769,16
12770,22
12771,68
12775,5
12776,19
12777,13
12778,20
12779,97
12780,35
12781,19
12783,59
12784,18
12785,19
12786,8
12787,2
12788,40
12789,67
12790,36
12791,13
12792,44
12801,73
12803,42
12804,23
12808,8
12809,45
12810,41
12811,4
12812,2
12814,26
12815,23
12816,40
12817,21
12819,20
12821,72
12822,46
12823,16
12824,16
12827,17
12828,23
12831,11
12832,61
12833,21
12834,23
12835,24
12836,19
12837,31
12838,15
12839,67
12841,14
12842,35
12843,39
12844,11
12845,20
12846,23
12847,17
12849,11
12850,29
12851,41
12852,25
12853,52
12855,37
12856,12
12857,14
12858,8
12859,32
12860,38
12861,46
12862,
12863,20
12864,29
12865,47
12866,25
12870,23
12871,16
12872,1
12873,7
12874,2
12878,17
12883,46
12884,60
12885,60
12886,10
12887,63
12901,76
12903,28
12910,54
12911,
12912,40
12913,21
12914,60
12916,59
12917,53
12918,4
12919,75
12920,54
12921,50
12922,20
12923,36
12924,44
12926,66
12927,30
12928,40
12929,53
12930,65
12932,33
12933,11
12934,68
12935,55
12936,26
12937,58
12939,42
12941,5
12942,3
12943,67
12944,52
12945,22
12946,55
12950,16
12952,81
12953,84
12955,24
12956,53
12957,50
12958,18
12959,65
12960,28
12961,53
12962,24
12964,38
12965,46
12966,66
12967,78
12969,33
12970,31
12972,26
12973,9
12974,41
12975,29
12976,20
12977,
12978,79
12979,70
12980,61
12981,47
12983,71
12985,77
12986,43
12987,1
12989,24
12992,40
12993,45
12996,46
12997,34
12998,28
13020,18
13021,67
13024,
13026,21
13027,22
13028,28
13029,38
13030,29
13031,13
13032,37
13033,24
13034,17
13035,7
13036,46
13037,15
13039,5
13040,32
13041,9
13042,37
13044,15
13045,74
13051,1
13052,50
13053,50
13054,54
13057,35
13060,50
13061,7
13062,34
13063,5
13064,3
13066,16
13068,31
13069,82
13071,33
13072,43
13073,24
13074,43
13076,35
13077,23
13078,23
13080,29
13081,15
13082,21
13083,31
13084,11
13087,8
13088,39
13090,26
13092,53
13101,56
13102,9
13103,70
13104,5
13108,7
13110,7
13111,61
13112,7
13113,51
13114,48
13115,44
13116,17
13117,54
13118,46
13120,44
13122,29
13123,32
13124,19
13126,72
13131,37
13132,28
13134,63
13135,50
13136,46
13138,2
13140,33
13141,26
13142,59
13143,40
13144,83
13145,39
13146,55
13147,39
13148,52
13152,4
13153,15
13155,29
13156,29
13157,35
13158,55
13159,16
13160,24
13162,20
13163,54
13164,21
13165,48
13166,42
13167,57
13202,100
13203,98
13204,98
13205,96
13206,85
13207,78
13208,98
13209,52
13210,92
13211,66
13212,49
13214,42
13215,7
13219,25
13224,67
13290,
13301,1
13302,81
13303,25
13304,9
13305,29
13308,28
13309,44
13310,17
13312,20
13313,56
13314,7
13315,24
13316,46
13317,56
13318,8
13319,25
13320,44
13321,59
13322,16
13323,29
13324,41
13325,14
13326,27
13327,34
13328,11
13329,64
13331,2
13332,30
13333,46
13334,45
13335,28
13337,35
13338,32
13339,68
13340,51
13341,1
13342,7
13343,10
13345,28
13346,38
13348,53
13350,61
13352,1
13353,1
13354,11
13355,26
13357,57
13360,21
13361,8
13362,28
13363,20
13364,7
13365,59
13367,43
13368,52
13402,13
13403,33
13404,60
13406,37
13407,51
13408,40
13409,19
13410,23
13411,51
13413,11
13415,56
13416,30
13417,64
13418,18
13420,12
13421,60
13424,28
13425,39
13428,79
13431,22
13433,51
13435,7
13436,20
13437,28
13438,29
13439,49
13440,70
13441,21
13450,26
13452,70
13454,42
13456,7
13459,40
13460,58
13461,18
13464,61
13468,33
13469,5
13470,45
13471,54
13472,
13473,25
13475,21
13476,33
13477,2
13478,24
13480,34
13483,38
13484,2
13485,31
13486,28
13488,33
13489,17
13490,20
13491,47
13492,20
13493,53
13494,13
13495,40
13501,96
13502,83
13601,80
13602,56
13603,43
13605,50
13606,28
13607,36
13608,69
13612,24
13613,57
13614,83
13615,8
13616,69
13617,47
13618,13
13619,65
13620,61
13621,68
13622,40
13623,
13624,37
13625,27
13626,46
13628,48
13630,81
13633,6
13634,39
13635,64
13636,39
13637,41
13638,18
13639,67
13640,16
13641,1
13642,64
13643,
13646,63
13647,22
13648,51
13650,61
13651,2
13652,42
13654,81
13655,33
13656,61
13658,49
13659,38
13660,57
13661,23
13662,69
13664,61
13665,33
13666,60
13667,85
13668,33
13669,75
13670,51
13672,69
13673,60
13674,32
13675,14
13676,57
13677,10
13678,19
13679,15
13680,77
13681,66
13682,10
13684,45
13685,46
13687,19
13690,51
13691,56
13692,
13693,22
13694,34
13695,2
13696,16
13697,37
13730,51
13731,20
13732,2
13733,51
13734,59
13736,45
13739,46
13740,28
13743,16
13744,37
13746,13
13748,32
13750,33
13751,22
13752,42
13753,53
13754,64
13755,41
13756,58
13757,41
13760,50
13774,61
13775,20
13776,30
13777,40
13778,27
13780,47
13782,21
13783,40
13784,37
13786,19
13787,52
13788,64
13790,68
13794,2
13795,62
13796,26
13797,30
13801,68
13802,2
13803,46
13804,61
13806,44
13807,33
13808,41
13809,34
13810,29
13811,16
13812,25
13813,26
13815,70
13820,72
13825,21
13826,
13827,47
13830,57
13832,46
13833,38
13834,27
13835,49
13838,83
13839,39
13841,58
13842,62
13843,31
13844,61
13845,
13846,33
13847,33
13849,55
13850,34
13856,69
13859,11
13860,1
13861,5
13862,34
13863,82
13864,27
13865,22
13901,82
13902,1
13903,76
13904,79
13905,86
14001,26
14004,14
14005,20
14006,50
14008,42
14009,50
14011,37
14012,31
14013,48
14020,62
14024,27
14025,10
14026,37
14028,17
14030,31
14031,7
14032,1
14033,12
14034,24
14035,33
14036,26
14037,15
14039,34
14040,17
14041,78
14042,65
14043,29
14047,23
14048,84
14051,5
14052,9
14054,16
14055,9
14057,10
14058,33
14059,9
14060,48
14061,68
14062,44
14063,54
14065,44
14066,41
14067,10
14068,31
14069,7
14070,72
14072,10
14075,15
14080,12
14081,63
14082,9
14085,2
14086,5
14091,59
14092,16
14094,51
14098,61
14101,49
14102,2
14103,51
14105,28
14108,23
14109,1
14111,23
14112,4
14113,18
14120,32
14125,30
14126,25
14127,12
14129,45
14130,34
14131,20
14132,31
14134,43
14135,42
14136,37
14138,67
14139,6
14141,44
14143,11
14145,10
14150,36
14167,18
14168,20
14169,24
14170,3
14171,9
14172,12
14173,24
14174,4
14201,99
14202,82
14203,90
14204,99
14206,82
14207,97
14208,95
14209,91
14210,92
14211,95
14212,98
14213,98
14214,82
14215,92
14216,69
14217,36
14218,89
14219,55
14220,56
14221,16
14222,52
14223,17
14224,15
14225,43
14226,32
14227,34
14228,62
14261,49
14301,96
14302,
14303,95
14304,36
14305,86
14411,70
14414,24
14415,25
14416,22
14418,12
14420,60
14422,19
14423,21
14424,36
14425,28
14427,45
14428,18
14432,34
14433,66
14435,15
14437,62
14441,28
14445,52
14450,11
14454,75
14456,66
14462,18
14464,22
14466,13
14467,46
14468,14
14469,23
14470,41
14471,15
14472,14
14475,6
14476,22
14477,47
14478,3
14479,9
14480,39
14481,36
14482,24
14485,14
14486,12
14487,7
14489,62
14502,22
14504,37
14505,42
14506,1
14507,27
14510,59
14511,48
14512,22
14513,64
14514,30
14516,38
14517,69
14519,9
14521,58
14522,43
14525,13
14526,9
14527,52
14529,1
14530,45
14532,21
14533,40
14534,2
14536,49
14537,36
14539,2
14541,59
14542,18
14543,1
14544,30
14545,7
14546,32
14548,34
14549,16
14550,68
14551,59
14555,33
14559,19
14560,29
14561,17
14564,7
14568,3
14569,52
14571,53
14572,43
14580,11
14585,19
14586,31
14588,12
14589,52
14590,74
14591,29
14592,1
14604,92
14605,99
14606,84
14607,77
14608,99
14609,83
14610,38
14611,99
14612,37
14613,99
14614,96
14615,90
14616,54
14617,14
14618,17
14619,93
14620,80
14621,100
14622,36
14623,74
14624,23
14625,6
14626,42
14627,1
14701,82
14706,37
14707,9
14708,20
14709,37
14710,32
14711,48
14712,6
14714,60
14715,69
14716,79
14717,9
14718,35
14719,54
14720,78
14721,68
14722,18
14723,37
14724,50
14726,74
14727,40
14728,49
14729,28
14731,20
14732,5
14733,64
14735,56
14736,1
14737,58
14738,27
14739,62
14740,27
14741,38
14742,23
14743,56
14744,47
14747,48
14748,78
14750,30
14752,65
14753,39
14754,59
14755,47
14756,
14757,38
14760,74
14767,60
14769,60
14770,56
14772,64
14774,49
14775,41
14777,77
14778,1
14779,86
14781,40
14782,69
14783,65
14784,25
14787,49
14788,40
14801,61
14802,62
14803,37
14804,16
14805,55
14806,57
14807,39
14808,21
14809,49
14810,71
14812,43
14813,58
14814,6
14815,16
14816,1
14817,31
14818,10
14819,59
14820,42
14821,40
14822,28
14823,42
14824,20
14825,10
14826,40
14827,3
14830,48
14836,13
14837,50
14838,29
14839,58
14840,16
14841,27
14842,72
14843,71
14845,28
14846,44
14847,40
14850,67
14853,1
14854,
14855,45
14856,68
14858,30
14859,35
14860,28
14861,41
14864,16
14865,66
14867,49
14869,19
14870,33
14871,21
14872,23
14873,45
14874,13
14877,48
14878,20
14879,33
14880,40
14881,12
14882,19
14883,46
14884,55
14885,65
14886,23
14889,28
14891,70
14892,71
14893,
14894,33
14895,57
14897,42
14898,71
14901,93
14903,52
14904,71
14905,45
15001,47
15003,46
15004,27
15005,7
15006,6
15007,20
15009,23
15010,50
15012,23
15014,68
15015,2
15017,27
15018,48
15019,35
15020,20
15021,35
15022,58
15024,14
15025,39
15026,18
15027,22
15028,29
15030,76
15031,60
15033,87
15034,46
15035,43
15037,15
15038,3
15042,9
15043,23
15044,4
15045,65
15046,17
15047,1
15049,17
15050,11
15051,20
15052,20
15053,3
15054,84
15055,7
15056,63
15057,9
15059,80
15060,37
15061,46
15062,57
15063,32
15064,30
15065,44
15066,65
15067,61
15068,50
15071,18
15072,
15074,69
15075,49
15076,26
15077,34
15078,34
15081,33
15082,41
15083,38
15084,47
15085,19
15086,16
15087,1
15088,77
15089,39
15090,5
15101,7
15102,10
15104,89
15106,43
15108,18
15110,93
15112,69
15116,1
15120,67
15122,47
15126,25
15129,9
15131,19
15132,88
15133,35
15135,16
15136,63
15137,42
15139,21
15140,90
15142,3
15143,7
15144,36
15145,84
15146,24
15147,47
15148,90
15201,37
15202,39
15203,61
15204,75
15205,51
15206,68
15207,69
15208,86
15209,31
15210,87
15211,55
15212,76
15213,80
15214,74
15215,31
15216,37
15217,41
15218,43
15219,96
15220,36
15221,73
15222,43
15223,27
15224,71
15225,57
15226,34
15227,51
15228,14
15229,20
15232,53
15233,77
15234,32
15235,26
15236,22
15237,8
15238,11
15239,8
15241,4
15243,7
15260,
15290,
15301,45
15310,73
15311,9
15312,22
15313,5
15314,53
15315,46
15316,67
15317,8
15320,51
15321,4
15322,26
15323,34
15324,53
15325,46
15327,66
15329,11
15330,3
15331,82
15332,21
15333,62
15334,22
15337,16
15338,54
15340,4
15341,51
15342,37
15344,20
15345,39
15346,20
15347,26
15348,65
15349,38
15350,37
15351,24
15352,59
15353,17
15357,5
15358,26
15359,52
15360,7
15361,37
15362,24
15363,23
15364,18
15366,2
15367,1
15368,63
15370,61
15376,36
15377,50
15378,24
15379,61
15380,80
15401,63
15410,57
15411,44
15412,23
15413,80
15417,71
15419,74
15420,59
15421,
15422,50
15423,31
15424,63
15425,57
15427,49
15428,19
15429,18
15430,34
15431,47
15432,54
15433,61
15434,67
15435,21
15436,56
15437,66
15438,43
15440,10
15442,72
15443,77
15444,52
15445,46
15446,12
15447,16
15448,16
15449,34
15450,28
15451,33
15454,57
15455,8
15456,50
15458,62
15459,47
15460,20
15461,82
15462,78
15463,1
15464,49
15466,8
15467,38
15468,58
15469,46
15470,10
15472,54
15473,32
15474,73
15475,74
15476,31
15477,29
15478,26
15479,14
15480,22
15482,11
15483,24
15484,2
15486,39
15489,54
15490,58
15492,65
15501,55
15502,4
15510,14
15520,17
15521,27
15522,41
15530,46
15531,48
15532,65
15533,55
15534,40
15535,21
15536,18
15537,43
15538,30
15539,21
15540,32
15541,25
15542,42
15544,1
15545,37
15546,22
15547,51
15550,34
15551,16
15552,63
15554,21
15555,8
15557,31
15558,73
15559,14
15560,34
15561,33
15562,80
15563,25
15564,24
15601,32
15610,16
15611,60
15612,43
15613,27
15615,9
15616,
15617,38
15618,45
15620,62
15621,1
15622,30
15623,32
15624,1
15625,
15626,18
15627,23
15628,66
15629,84
15631,64
15632,20
15633,37
15634,58
15635,41
15636,1
15637,21
15638,3
15639,50
15640,12
15641,40
15642,9
15644,46
15646,23
15647,5
15650,27
15655,11
15656,29
15658,11
15660,15
15661,7
15662,33
15663,16
15665,20
15666,42
15668,1
15670,21
15671,2
15672,15
15673,41
15675,53
15676,21
15677,11
15678,47
15679,15
15680,41
15681,35
15683,32
15684,2
15686,1
15687,23
15688,10
15689,5
15690,58
15691,
15692,64
15693,5
15695,57
15696,15
15697,40
15698,14
15701,59
15710,17
15711,28
15712,31
15713,2
15714,61
15715,37
15716,88
15717,35
15721,27
15722,9
15723,
15724,38
15725,32
15727,48
15728,58
15729,79
15730,67
15731,8
15732,23
15733,72
15734,27
15736,25
15737,22
15738,48
15739,24
15741,17
15742,55
15744,23
15745,32
15746,71
15747,51
15748,33
15750,84
15752,77
15753,65
15754,22
15756,25
15757,43
15759,47
15760,74
15761,31
15762,16
15764,18
15765,14
15767,65
15770,29
15771,36
15772,66
15773,39
15774,12
15775,36
15776,14
15777,3
15778,22
15779,37
15780,13
15781,3
15783,14
15784,11
15801,48
15821,17
15823,10
15824,42
15825,42
15827,8
15828,28
15829,29
15832,36
15834,54
15840,32
15841,45
15845,43
15846,9
15847,33
15848,72
15849,52
15851,62
15853,50
15856,7
15857,32
15860,21
15861,22
15863,33
15864,34
15865,51
15866,50
15868,23
15870,25
15901,95
15902,82
15904,25
15905,34
15906,82
15909,40
15920,13
15921,1
15922,64
15923,31
15924,35
15925,39
15926,32
15927,34
15928,16
15929,80
15930,27
15931,33
15934,
15935,11
15936,19
15937,30
15938,25
15940,21
15942,21
15943,46
15944,36
15945,10
15946,31
15948,51
15949,34
15951,13
15952,50
15953,38
15954,37
15955,48
15956,42
15957,20
15958,8
15960,28
15961,34
15962,24
15963,42
16001,52
16002,19
16020,22
16022,57
16023,64
16024,10
16025,10
16027,30
16028,64
16029,19
16030,54
16033,20
16034,29
16035,24
16036,35
16037,6
16038,35
16040,23
16041,27
16045,65
16046,3
16048,9
16049,38
16050,43
16051,29
16052,14
16053,1
16054,35
16055,2
16056,16
16057,58
16059,2
16061,27
16063,22
16066,3
16101,68
16102,45
16105,22
16110,9
16111,55
16112,24
16113,6
16114,32
16115,13
16116,32
16117,41
16120,67
16121,90
16123,13
16124,37
16125,54
16127,29
16130,41
16131,26
16132,45
16133,37
16134,47
16136,23
16137,39
16140,14
16141,46
16142,54
16143,20
16145,50
16146,93
16148,33
16150,37
16151,52
16153,27
16154,11
16155,
16156,41
16157,31
16159,34
16160,43
16161,71
16201,47
16210,33
16211,17
16212,38
16213,71
16214,73
16217,24
16218,36
16222,62
16223,36
16224,41
16226,36
16228,27
16229,18
16230,46
16232,43
16233,26
16235,13
16236,16
16238,29
16239,67
16240,40
16242,49
16244,23
16245,51
16246,60
16248,66
16249,32
16250,67
16253,35
16254,22
16255,41
16256,70
16258,48
16259,30
16260,22
16262,25
16263,19
16301,53
16311,18
16312,
16313,40
16314,21
16316,18
16317,16
16319,2
16321,51
16322,42
16323,56
16326,16
16327,17
16328,83
16329,12
16331,2
16332,18
16333,39
16334,12
16335,61
16340,22
16341,32
16342,49
16343,42
16344,68
16345,4
16346,51
16347,46
16350,69
16351,36
16352,27
16353,54
16354,64
16360,32
16361,11
16362,36
16364,34
16365,33
16370,14
16371,47
16372,84
16373,40
16374,46
16401,62
16402,56
16403,42
16404,64
16405,41
16406,42
16407,56
16410,20
16411,44
16412,48
16415,5
16416,60
16417,43
16420,50
16421,9
16422,61
16423,39
16424,39
16426,28
16427,60
16428,39
16433,18
16434,73
16435,63
16436,63
16438,59
16440,24
16441,28
16442,28
16443,21
16444,1
16501,98
16502,95
16503,100
16504,68
16505,34
16506,25
16507,94
16508,57
16509,27
16510,62
16511,64
16546,1
16563,1
16601,65
16602,70
16611,14
16613,6
16616,35
16617,15
16619,32
16620,27
16621,46
16622,20
16623,28
16624,35
16625,47
16627,37
16630,41
16631,32
16633,82
16634,19
16635,25
16636,3
16637,47
16638,5
16639,34
16640,29
16641,51
16645,13
16646,29
16647,29
16648,15
16650,50
16651,45
16652,64
16655,20
16656,50
16657,18
16659,46
16661,54
16662,40
16664,50
16665,41
16666,30
16667,46
16668,37
16669,33
16670,53
16671,32
16672,63
16673,33
16674,33
16677,33
16678,48
16679,40
16680,26
16682,14
16683,19
16685,25
16686,45
16689,35
16691,26
16692,42
16693,49
16694,41
16695,35
16699,
16701,66
16720,25
16724,7
16725,29
16726,35
16727,49
16728,9
16729,53
16730,1
16731,35
16732,3
16733,42
16734,15
16735,51
16738,21
16740,48
16743,44
16744,31
16745,2
16746,46
16748,58
16749,30
16750,42
16801,67
16802,18
16803,55
16820,54
16821,20
16822,40
16823,18
16825,11
16826,14
16827,9
16828,6
16829,36
16830,67
16832,27
16833,47
16834,15
16835,33
16836,27
16837,5
16838,27
16839,69
16840,14
16841,28
16843,51
16844,14
16845,29
16847,39
16848,33
16849,2
16851,3
16852,30
16853,61
16854,11
16855,30
16858,37
16859,20
16860,8
16861,64
16863,58
16865,3
16866,68
16868,1
16870,3
16871,11
16872,72
16874,21
16875,29
16876,70
16877,12
16878,28
16879,66
16881,59
16882,45
16901,34
16911,34
16912,44
16914,27
16915,39
16917,38
16920,49
16921,29
16922,54
16923,35
16925,40
16926,22
16927,39
16928,38
16929,25
16930,22
16932,25
16933,64
16935,31
16936,44
16937,39
16938,24
16939,19
16940,46
16941,24
16942,45
16943,51
16946,59
16947,47
16948,70
16950,60
17002,61
17003,23
17004,62
17005,47
17006,51
17007,3
17009,32
17010,30
17011,26
17013,52
17015,5
17016,19
17017,26
17018,4
17019,12
17020,28
17021,46
17022,26
17023,48
17024,17
17025,27
17026,24
17027,1
17028,26
17029,56
17030,66
17032,15
17033,42
17034,76
17035,57
17036,18
17037,60
17038,44
17039,1
17040,24
17041,1
17042,58
17043,32
17044,61
17045,58
17046,79
17047,46
17048,60
17049,38
17050,13
17051,29
17052,41
17053,27
17055,19
17056,51
17057,51
17058,78
17059,58
17060,28
17061,40
17062,24
17063,59
17064,9
17065,21
17066,71
17067,34
17068,43
17069,43
17070,26
17071,53
17072,74
17073,39
17074,50
17075,5
17076,1
17077,7
17078,30
17080,27
17081,29
17082,21
17083,9
17084,53
17086,39
17087,21
17088,42
17090,29
17093,25
17094,44
17097,59
17098,62
17099,50
17101,92
17102,79
17103,96
17104,98
17109,70
17110,64
17111,35
17112,5
17113,73
17120,
17201,73
17202,25
17210,2
17211,46
17212,32
17213,47
17214,18
17215,18
17217,5
17219,68
17220,80
17221,40
17222,31
17223,58
17224,13
17225,14
17228,38
17229,31
17233,61
17235,42
17236,30
17237,34
17238,29
17239,16
17240,38
17241,37
17243,59
17244,28
17246,17
17247,
17249,41
17250,70
17251,14
17252,35
17253,51
17254,21
17255,44
17256,8
17257,65
17260,32
17261,
17262,69
17263,21
17264,34
17265,24
17266,31
17267,30
17268,54
17270,17
17271,58
17272,30
17301,18
17302,28
17304,18
17306,42
17307,34
17309,46
17311,72
17313,38
17314,56
17315,18
17316,10
17317,37
17318,67
17319,8
17320,5
17321,23
17322,19
17324,18
17325,40
17327,30
17329,5
17331,31
17339,5
17340,16
17343,34
17344,34
17345,54
17347,8
17349,8
17350,41
17352,17
17353,28
17355,26
17356,22
17360,10
17361,19
17362,20
17363,12
17364,12
17365,17
17366,35
17368,31
17370,16
17371,8
17372,49
17401,100
17402,32
17403,80
17404,55
17406,23
17407,8
17408,22
17501,58
17502,50
17505,44
17507,32
17508,21
17509,67
17512,75
17516,7
17517,28
17518,46
17519,31
17520,9
17522,49
17527,38
17529,49
17532,26
17535,55
17536,57
17538,14
17540,64
17543,25
17545,34
17547,30
17550,64
17551,52
17552,16
17554,52
17555,41
17557,51
17560,32
17562,62
17563,52
17565,26
17566,48
17569,16
17570,46
17572,65
17576,11
17578,30
17579,28
17581,14
17582,9
17584,27
17601,19
17602,82
17603,77
17606,
17701,76
17702,33
17721,49
17723,19
17724,61
17727,2
17728,28
17729,28
17730,21
17731,13
17737,29
17739,21
17740,44
17742,17
17744,26
17745,60
17747,56
17748,48
17749,9
17750,10
17751,42
17752,52
17754,12
17756,32
17758,14
17760,9
17762,19
17763,26
17764,82
17765,48
17767,29
17768,31
17771,27
17772,30
17774,29
17776,17
17777,30
17778,16
17779,10
17801,62
17810,65
17812,47
17813,52
17814,28
17815,57
17820,32
17821,47
17822,
17823,39
17824,11
17827,13
17829,38
17830,36
17832,28
17834,48
17835,26
17836,21
17837,39
17840,30
17841,42
17842,25
17844,37
17845,60
17846,40
17847,55
17850,30
17851,68
17853,33
17855,13
17856,46
17857,34
17859,20
17860,9
17861,3
17862,65
17864,64
17865,15
17866,76
17867,42
17868,10
17870,37
17872,82
17876,45
17878,20
17880,60
17881,32
17884,65
17885,7
17886,90
17887,69
17888,27
17889,16
17901,55
17920,15
17921,53
17922,11
17923,57
17925,36
17929,44
17930,28
17931,70
17933,2
17934,55
17935,73
17936,37
17938,16
17941,28
17943,15
17944,30
17945,38
17946,8
17948,88
17949,50
17951,21
17952,20
17953,36
17954,66
17957,8
17959,48
17960,14
17961,5
17963,26
17964,35
17965,47
17967,24
17968,33
17970,61
17972,22
17974,52
17976,84
17978,80
17979,4
17980,41
17981,56
17982,33
17983,56
17985,12
18011,11
18013,33
18014,26
18015,86
18016,
18017,42
18018,60
18020,9
18030,44
18031,18
18032,50
18034,6
18035,
18036,5
18037,28
18038,8
18040,3
18041,16
18042,70
18045,6
18046,
18049,24
18051,2
18052,38
18053,9
18054,18
18055,17
18056,20
18058,27
18059,4
18062,6
18063,2
18064,22
18066,8
18067,29
18068,
18069,6
18070,3
18071,30
18072,23
18073,8
18074,3
18076,34
18077,13
18078,6
18079,2
18080,45
18081,17
18083,20
18085,8
18086,70
18087,35
18088,23
18091,34
18092,3
18101,100
18102,100
18103,72
18104,38
18105,
18106,22
18109,92
18195,
18201,93
18202,85
18210,25
18211,14
18212,37
18214,7
18216,32
18218,59
18219,17
18220,24
18221,13
18222,15
18223,2
18224,57
18225,55
18229,32
18230,40
18231,48
18232,82
18234,34
18235,51
18237,69
18239,11
18240,24
18241,52
18242,8
18244,60
18245,27
18246,42
18248,56
18249,18
18250,48
18251,11
18252,54
18254,57
18255,43
18256,12
18301,57
18302,27
18321,44
18322,25
18323,1
18324,51
18325,14
18326,44
18327,27
18328,34
18330,20
18331,39
18332,33
18333,10
18334,30
18335,19
18336,41
18337,11
18340,1
18342,53
18343,14
18344,55
18346,38
18347,18
18349,5
18350,7
18351,55
18352,3
18353,21
18354,14
18355,24
18356,1
18357,4
18360,51
18370,74
18371,14
18372,23
18403,41
18405,35
18407,71
18411,11
18413,87
18414,7
18415,7
18417,16
18419,20
18420,12
18421,33
18424,23
18425,30
18426,45
18427,1
18428,25
18430,
18431,48
18433,20
18434,33
18435,13
18436,21
18437,45
18438,1
18439,28
18441,3
18443,2
18444,14
18445,46
18446,47
18447,43
18451,26
18452,25
18453,22
18454,66
18455,25
18456,11
18457,33
18458,27
18459,
18460,14
18461,25
18462,19
18463,3
18464,12
18465,40
18466,65
18469,1
18470,13
18471,1
18472,44
18473,59
18503,82
18504,77
18505,88
18507,44
18508,87
18509,77
18510,90
18512,29
18517,70
18518,42
18519,56
18602,10
18603,58
18610,48
18612,30
18614,43
18615,21
18616,35
18617,55
18618,14
18619,36
18621,23
18622,9
18623,50
18624,29
18625,24
18626,17
18628,49
18629,25
18630,55
18631,24
18632,57
18634,74
18635,20
18636,53
18640,67
18641,25
18642,22
18643,41
18644,26
18651,72
18653,1
18655,25
18656,29
18657,29
18660,21
18661,16
18701,83
18702,88
18704,57
18705,57
18706,68
18707,4
18708,15
18709,73
18801,39
18810,54
18812,8
18814,43
18816,17
18817,42
18818,24
18821,77
18822,64
18823,27
18824,44
18825,33
18826,28
18828,70
18829,16
18830,27
18831,21
18832,44
18833,47
18834,45
18837,46
18840,68
18842,10
18843,21
18844,36
18845,34
18846,24
18847,52
18848,59
18850,16
18851,12
18853,19
18854,45
18901,14
18902,2
18912,1
18913,20
18914,3
18915,30
18917,52
18920,5
18923,6
18925,1
18929,3
18930,11
18932,7
18935,1
18936,
18938,3
18940,4
18942,4
18944,8
18947,1
18950,14
18951,23
18954,1
18955,14
18960,25
18962,4
18964,23
18966,5
18969,28
18970,28
18972,8
18974,19
18976,5
18977,2
18980,5
19001,16
19002,12
19003,30
19004,16
19006,12
19007,71
19008,7
19009,30
19010,27
19012,15
19013,95
19014,19
19015,51
19017,32
19018,61
19020,57
19021,66
19022,92
19023,89
19025,4
19026,31
19027,40
19029,62
19030,36
19031,6
19032,58
19033,15
19034,6
19035,3
19036,46
19038,10
19040,23
19041,15
19043,21
19044,20
19046,19
19047,19
19050,60
19053,17
19054,26
19055,22
19056,20
19057,42
19060,1
19061,64
19063,13
19064,2
19066,1
19067,11
19070,20
19072,7
19073,12
19074,26
19075,4
19076,61
19078,19
19079,75
19081,8
19082,90
19083,5
19085,4
19086,4
19087,5
19090,28
19094,50
19095,53
19096,9
19102,48
19103,39
19104,98
19106,36
19107,75
19109,
19111,83
19112,
19113,27
19114,54
19115,65
19116,65
19118,30
19119,51
19120,96
19121,98
19122,98
19123,79
19124,97
19125,72
19126,84
19127,53
19128,44
19129,52
19130,47
19131,90
19132,96
19133,100
19134,99
19135,87
19136,80
19137,62
19138,79
19139,96
19140,99
19141,94
19142,96
19143,93
19144,95
19145,82
19146,73
19147,58
19148,87
19149,89
19150,54
19151,75
19152,74
19153,86
19154,37
19301,14
19310,75
19311,27
19312,6
19316,25
19317,4
19319,1
19320,49
19330,17
19333,16
19335,6
19341,18
19342,12
19343,3
19344,42
19345,29
19348,29
19350,2
19352,14
19355,6
19358,79
19362,23
19363,52
19365,36
19367,33
19372,38
19373,23
19374,32
19375,
19380,15
19382,24
19383,2
19390,47
19401,89
19403,19
19405,75
19406,23
19422,6
19425,1
19426,4
19428,21
19435,1
19436,50
19437,1
19438,9
19440,18
19442,
19444,9
19446,24
19453,35
19454,8
19456,12
19457,1
19460,22
19462,16
19464,58
19465,14
19468,21
19472,
19473,9
19474,6
19475,21
19477,
19492,38
19501,45
19503,26
19504,8
19505,11
19506,12
19507,21
19508,19
19510,2
19511,9
19512,22
19518,8
19519,11
19520,5
19522,21
19523,13
19525,2
19526,41
19529,15
19530,49
19533,20
19534,10
19535,
19536,49
19538,31
19539,30
19540,20
19541,23
19542,1
19543,23
19544,7
19545,21
19547,3
19549,71
19550,71
19551,20
19554,26
19555,24
19559,72
19560,33
19562,54
19564,42
19565,36
19567,45
19601,99
19602,100
19604,98
19605,28
19606,34
19607,48
19608,14
19609,10
19610,21
19611,88
19701,18
19702,44
19703,63
19706,64
19707,3
19709,9
19710,
19711,41
19713,51
19716,1
19717,1
19720,57
19730,5
19731,66
19732,20
19733,2
19734,8
19735,11
19736,44
19801,96
19802,83
19803,6
19804,50
19805,88
19806,31
19807,12
19808,27
19809,68
19810,7
19901,79
19902,
19904,75
19930,5
19931,4
19933,67
19934,21
19936,93
19938,37
19939,16
19940,39
19941,72
19943,44
19944,1
19945,36
19946,79
19947,67
19950,57
19951,20
19952,56
19953,25
19954,35
19955,58
19956,70
19958,16
19960,22
19962,26
19963,54
19964,57
19966,41
19967,12
19968,17
19970,8
19971,5
19973,62
19975,31
19977,33
19979,6
20001,70
20002,75
20003,46
20004,34
20005,57
20006,72
20007,41
20008,38
20009,54
20010,82
20011,75
20012,60
20015,18
20016,25
20017,64
20018,79
20019,97
20020,97
20024,73
20032,97
20036,44
20037,64
20045,
20052,2
20053,
20057,24
20064,28
20105,1
20106,19
20109,73
20110,52
20111,46
20112,3
20115,27
20117,40
20118,11
20119,19
20120,14
20121,30
20124,1
20129,1
20130,13
20132,2
20135,29
20136,4
20137,7
20139,1
20141,1
20143,5
20144,20
20147,13
20148,4
20151,16
20152,3
20155,4
20158,3
20164,33
20165,7
20166,34
20169,1
20170,38
20171,18
20175,8
20176,15
20180,3
20181,8
20184,24
20186,23
20187,2
20190,41
20191,29
20194,6
20197,2
20198,12
20202,
20204,
20228,
20230,
20240,
20245,
20260,
20307,
20317,71
20319,
20373,1
20390,1
20405,
20418,
20427,
20506,
20510,
20520,
20535,
20540,
20551,
20553,
20560,
20565,
20566,
20593,
20601,18
20602,44
20603,12
20606,55
20607,8
20608,35
20609,48
20611,45
20612,
20613,8
20615,6
20616,13
20617,1
20618,14
20619,29
20620,43
20621,22
20622,29
20623,1
20624,27
20625,9
20626,10
20628,12
20629,6
20630,1
20632,17
20634,47
20636,9
20637,2
20639,3
20640,33
20645,10
20646,13
20650,37
20653,64
20657,11
20658,41
20659,20
20660,
20662,35
20664,54
20667,20
20670,22
20674,56
20675,21
20676,4
20677,8
20678,30
20680,29
20684,29
20685,18
20686,9
20687,19
20688,25
20689,11
20690,4
20692,1
20693,7
20695,12
20701,21
20705,63
20706,62
20707,50
20708,62
20710,89
20711,30
20712,77
20714,38
20715,6
20716,25
20720,6
20721,6
20722,64
20723,24
20724,43
20732,8
20733,1
20735,15
20736,1
20737,85
20740,76
20742,1
20743,70
20744,30
20745,80
20746,66
20747,73
20748,67
20751,6
20754,5
20755,35
20758,4
20759,2
20762,31
20763,45
20764,3
20765,75
20769,6
20770,68
20772,17
20774,18
20776,53
20777,1
20778,5
20779,9
20781,64
20782,78
20783,92
20784,69
20785,76
20794,33
20812,2
20814,23
20815,18
20816,2
20817,3
20818,3
20832,4
20833,3
20837,6
20838,1
20839,2
20841,5
20842,8
20850,38
20851,69
20852,41
20853,24
20854,1
20855,6
20860,22
20861,1
20862,8
20866,43
20868,28
20871,7
20872,7
20874,44
20876,45
20877,79
20878,18
20879,47
20880,6
20882,2
20886,58
20895,6
20896,1
20899,64
20901,47
20902,61
20903,88
20904,61
20905,10
20906,64
20910,52
20912,85
21001,69
21005,39
21009,15
21010,11
21012,4
21013,4
21014,16
21015,10
21017,28
21028,4
21029,1
21030,45
21031,
21032,12
21034,37
21035,3
21036,1
21037,14
21040,61
21042,3
21043,17
21044,36
21045,32
21046,24
21047,2
21048,6
21050,4
21051,8
21052,8
21053,7
21054,5
21056,1
21057,3
21060,42
21061,60
21071,4
21074,17
21075,26
21076,18
21077,4
21078,38
21082,1
21084,12
21085,14
21087,2
21090,9
21093,5
21102,5
21104,1
21105,
21108,3
21111,1
21113,22
21114,9
21117,51
21120,1
21122,13
21128,15
21130,76
21131,1
21132,30
21133,44
21136,40
21140,5
21144,25
21146,3
21152,10
21153,16
21154,15
21155,25
21156,1
21157,33
21158,9
21160,43
21161,4
21162,13
21163,13
21201,91
21202,94
21204,52
21205,100
21206,74
21207,70
21208,38
21209,32
21210,29
21211,51
21212,55
21213,94
21214,40
21215,92
21216,92
21217,98
21218,87
21219,32
21220,49
21221,75
21222,76
21223,99
21224,82
21225,95
21226,40
21227,72
21228,25
21229,81
21230,70
21231,79
21234,45
21236,33
21237,54
21239,67
21240,
21244,58
21250,1
21251,2
21252,2
21286,37
21401,40
21402,25
21403,45
21405,1
21409,1
21502,69
21520,15
21521,44
21522,36
21523,28
21524,64
21529,17
21530,48
21531,26
21532,52
21536,51
21538,28
21539,56
21540,83
21541,34
21542,67
21543,9
21545,35
21550,41
21555,21
21557,15
21561,14
21562,62
21601,42
21607,44
21610,53
21612,6
21613,80
21617,5
21619,16
21620,41
21622,36
21623,19
21624,31
21625,18
21626,14
21627,
21628,69
21629,44
21631,29
21632,85
21634,9
21635,27
21636,43
21638,15
21639,75
21640,44
21641,82
21643,67
21644,31
21645,9
21647,19
21648,27
21649,71
21650,8
21651,30
21652,8
21653,1
21654,7
21655,27
21657,5
21658,18
21659,35
21660,62
21661,69
21662,1
21663,11
21664,20
21665,4
21666,9
21667,35
21668,31
21669,5
21671,36
21672,9
21673,33
21675,18
21676,2
21677,4
21678,30
21679,1
21701,34
21702,51
21703,42
21704,13
21705,
21710,13
21711,8
21713,29
21714,9
21716,40
21717,19
21718,16
21719,46
21722,47
21723,4
21727,37
21733,1
21734,56
21737,9
21738,1
21740,83
21742,47
21746,
21750,44
21754,6
21755,6
21756,12
21757,17
21758,23
21762,1
21766,18
21767,27
21769,4
21770,2
21771,4
21773,4
21774,1
21776,28
21777,1
21778,27
21779,7
21780,25
21781,1
21782,11
21783,15
21784,4
21787,30
21788,22
21790,3
21791,22
21793,23
21794,2
21795,43
21797,6
21798,20
21801,80
21802,43
21804,82
21810,2
21811,17
21813,8
21814,2
21817,85
21821,26
21822,51
21824,16
21826,65
21829,7
21830,7
21835,22
21837,36
21838,22
21840,6
21841,49
21842,37
21849,34
21850,43
21851,78
21853,90
21856,26
21861,22
21862,1
21863,55
21864,20
21865,19
21866,48
21867,5
21869,34
21871,29
21872,71
21874,87
21875,76
21890,
21901,34
21902,74
21903,38
21904,29
21911,29
21912,25
21913,59
21914,71
21915,30
21916,
21917,12
21918,10
21919,1
21920,68
21921,58
21930,
22003,47
22015,8
22025,9
22026,61
22027,7
22030,32
22031,42
22032,8
22033,20
22035,
22039,1
22041,84
22042,48
22043,34
22044,75
22046,19
22060,33
22066,1
22079,26
22101,2
22102,25
22124,2
22125,6
22134,33
22150,61
22151,17
22152,9
22153,2
22172,87
22180,12
22181,9
22182,6
22185,
22191,54
22192,24
22193,38
22201,35
22202,39
22203,49
22204,65
22205,9
22206,33
22207,3
22209,47
22211,17
22213,2
22214,
22301,8
22302,29
22303,43
22304,67
22305,79
22306,80
22307,16
22308,1
22309,64
22310,16
22311,72
22312,61
22314,34
22315,10
22401,75
22405,16
22406,12
22407,30
22408,31
22427,53
22432,28
22433,8
22435,46
22436,37
22437,23
22438,33
22443,59
22448,14
22454,61
22460,42
22469,45
22473,44
22476,22
22480,24
22482,49
22485,13
22488,55
22503,26
22504,13
22508,8
22509,1
22511,34
22514,55
22520,48
22529,20
22530,21
22534,35
22535,45
22538,28
22539,2
22542,25
22546,25
22548,35
22551,28
22553,10
22554,15
22556,16
22560,84
22567,29
22572,66
22576,40
22578,11
22579,1
22580,55
22601,75
22602,20
22603,37
22610,25
22611,29
22620,13
22623,32
22624,20
22625,3
22627,21
22630,53
22637,17
22639,9
22640,62
22641,19
22642,13
22643,38
22644,27
22645,21
22646,11
22650,12
22652,17
22654,15
22655,24
22656,15
22657,36
22660,47
22663,33
22664,71
22701,52
22709,30
22711,
22712,31
22713,32
22714,15
22715,17
22716,4
22718,61
22719,50
22720,1
22722,57
22723,20
22724,8
22726,16
22727,21
22728,9
22729,41
22730,41
22731,5
22732,2
22733,46
22734,53
22735,24
22736,45
22737,35
22738,56
22740,34
22741,30
22742,32
22743,21
22747,8
22749,33
22801,80
22802,80
22807,2
22810,4
22811,28
22812,20
22815,47
22820,47
22821,34
22824,32
22827,45
22830,55
22831,30
22832,20
22834,4
22835,55
22840,36
22841,14
22842,56
22843,17
22844,52
22845,
22846,15
22847,41
22849,56
22850,22
22851,65
22853,65
22901,43
22902,65
22903,71
22904,74
22911,24
22920,8
22922,42
22923,22
22931,18
22932,19
22935,22
22936,1
22937,46
22938,28
22939,22
22940,39
22942,40
22943,36
22946,10
22947,13
22948,1
22949,80
22952,44
22958,10
22959,8
22960,70
22963,9
22964,4
22967,53
22968,13
22969,49
22971,48
22972,28
22973,57
22974,15
22976,55
22980,58
22989,11
23002,37
23004,55
23005,38
23009,16
23011,9
23015,14
23021,9
23022,19
23023,25
23024,25
23025,21
23027,63
23030,42
23032,42
23035,10
23038,20
23039,23
23040,48
23043,37
23045,11
23047,40
23050,6
23055,43
23056,18
23059,7
23060,15
23061,20
23062,32
23063,18
23064,1
23065,29
23066,3
23068,1
23069,15
23070,2
23071,19
23072,31
23075,75
23076,33
23079,32
23083,31
23084,24
23085,1
23086,33
23089,34
23091,10
23092,36
23093,55
23102,9
23103,5
23106,32
23108,1
23109,30
23110,30
23111,15
23112,10
23113,4
23114,9
23115,5
23116,1
23117,37
23119,2
23120,1
23123,55
23124,1
23125,1
23126,67
23128,52
23129,1
23130,14
23138,30
23139,8
23140,29
23141,6
23146,2
23148,31
23149,29
23150,36
23153,2
23156,39
23160,53
23161,28
23163,68
23168,14
23169,48
23173,2
23175,35
23176,16
23177,36
23180,59
23181,17
23185,27
23187,1
23188,27
23192,7
23219,89
23220,84
23221,22
23222,87
23223,90
23224,97
23225,79
23226,13
23227,66
23228,65
23229,34
23230,69
23231,62
23233,11
23234,87
23235,21
23236,10
23237,62
23238,24
23250,
23294,61
23301,100
23302,20
23303,43
23304,
23306,14
23307,81
23308,45
23310,70
23313,95
23314,35
23315,23
23316,41
23320,36
23321,33
23322,7
23323,26
23324,90
23325,40
23336,41
23337,32
23347,45
23350,81
23354,8
23356,9
23357,57
23358,9
23359,46
23389,1
23395,28
23398,4
23401,43
23405,1
23407,63
23408,20
23409,54
23410,21
23413,62
23414,44
23415,31
23416,60
23417,26
23418,41
23420,84
23421,95
23422,48
23423,19
23426,
23427,44
23430,45
23432,8
23433,2
23434,70
23435,22
23436,1
23437,25
23438,25
23440,47
23441,46
23442,58
23451,45
23452,33
23453,39
23454,31
23455,32
23456,4
23457,12
23459,44
23460,1
23461,
23462,54
23464,30
23480,33
23486,9
23487,40
23488,32
23502,60
23503,65
23504,99
23505,85
23507,34
23508,78
23509,79
23510,90
23511,19
23513,89
23517,67
23518,64
23523,99
23551,
23601,60
23602,60
23603,71
23604,56
23605,80
23606,71
23607,95
23608,68
23651,23
23661,61
23662,9
23663,85
23664,16
23665,53
23666,68
23669,69
23690,68
23691,21
23692,13
23693,12
23696,11
23701,56
23702,89
23703,39
23704,94
23707,89
23708,11
23709,1
23801,27
23803,89
23805,69
23806,2
23821,61
23824,80
23827,63
23828,33
23829,25
23830,14
23831,29
23832,19
23833,50
23834,56
23836,20
23837,48
23838,5
23839,58
23840,46
23841,24
23842,11
23843,65
23844,53
23845,7
23846,48
23847,88
23850,48
23851,69
23856,49
23857,36
23860,89
23866,38
23867,51
23868,92
23872,52
23874,31
23875,55
23876,48
23878,57
23879,18
23881,65
23882,61
23883,34
23884,
23885,22
23887,22
23888,64
23889,56
23890,57
23891,
23893,29
23894,25
23897,70
23898,23
23899,48
23901,68
23909,1
23915,50
23917,54
23919,38
23920,40
23921,50
23922,73
23923,54
23924,70
23927,42
23930,59
23934,63
23936,72
23937,82
23938,21
23942,25
23943,1
23944,62
23947,60
23950,84
23952,16
23954,69
23958,79
23959,31
23960,59
23962,51
23963,14
23964,60
23966,47
23967,49
23968,46
23970,81
23974,83
23976,48
24011,42
24012,84
24013,93
24014,45
24015,46
24016,98
24017,93
24018,22
24019,10
24020,11
24053,51
24054,71
24055,60
24058,25
24059,1
24060,65
24064,14
24065,7
24066,28
24067,26
24069,34
24070,4
24072,9
24073,41
24076,52
24077,52
24078,81
24079,14
24082,32
24083,12
24084,46
24085,37
24086,51
24087,62
24088,44
24089,50
24090,10
24091,25
24092,30
24093,38
24095,24
24101,24
24102,39
24104,10
24105,43
24112,75
24120,30
24121,21
24122,31
24124,53
24127,44
24128,10
24130,1
24131,
24132,93
24133,29
24134,41
24136,29
24137,51
24138,37
24139,40
24141,62
24142,2
24147,52
24148,60
24149,21
24150,24
24151,65
24153,39
24161,47
24162,29
24165,71
24167,62
24168,83
24171,54
24174,44
24175,9
24176,17
24179,40
24184,46
24185,7
24201,79
24202,40
24210,60
24211,16
24216,91
24217,87
24219,73
24220,27
24221,57
24224,62
24225,60
24226,58
24228,74
24230,84
24236,82
24237,76
24239,51
24243,35
24244,79
24245,62
24246,73
24248,64
24250,36
24251,46
24256,79
24258,25
24260,75
24263,79
24265,58
24266,58
24269,75
24270,15
24271,48
24272,70
24273,89
24277,87
24279,69
24280,55
24281,64
24282,62
24283,72
24290,70
24292,75
24293,69
24301,63
24311,70
24312,59
24313,55
24314,35
24315,25
24316,
24317,44
24318,33
24319,60
24322,23
24323,24
24324,26
24325,68
24326,13
24328,37
24330,69
24333,65
24340,55
24343,47
24347,65
24348,71
24350,62
24351,78
24352,38
24354,74
24360,29
24361,39
24363,43
24366,29
24368,37
24370,63
24374,33
24375,67
24377,15
24378,62
24380,43
24381,22
24382,63
24401,48
24411,
24412,
24413,5
24415,
24416,52
24421,15
24422,77
24426,49
24430,82
24431,65
24432,25
24433,10
24435,5
24437,26
24439,37
24440,46
24441,27
24442,46
24445,59
24448,53
24450,50
24457,82
24458,54
24459,45
24460,20
24464,44
24465,18
24467,4
24471,15
24472,87
24473,27
24474,27
24476,3
24477,22
24479,35
24482,28
24483,42
24484,15
24485,15
24486,20
24487,1
24501,93
24502,59
24503,27
24504,79
24517,76
24520,17
24521,36
24522,48
24523,54
24526,21
24527,23
24528,77
24529,58
24530,71
24531,51
24534,53
24536,4
24538,28
24539,39
24540,85
24541,86
24549,58
24550,22
24551,7
24553,56
24554,56
24555,51
24556,14
24557,73
24558,56
24562,53
24563,60
24565,69
24566,54
24569,44
24570,
24571,31
24572,61
24574,37
24577,62
24578,52
24579,47
24580,41
24581,
24586,57
24588,37
24589,29
24590,41
24592,64
24593,56
24594,55
24595,33
24597,28
24598,55
24599,44
24601,
24602,58
24603,72
24604,68
24605,29
24606,27
24607,14
24609,47
24612,96
24613,65
24614,77
24620,68
24622,61
24628,60
24630,62
24631,78
24634,53
24635,77
24637,52
24639,69
24641,81
24646,67
24649,53
24651,56
24656,61
24657,73
24701,77
24712,73
24714,36
24715,56
24716,59
24719,
24724,6
24726,97
24729,80
24731,34
24733,41
24736,63
24737,81
24738,54
24740,70
24747,83
24801,76
24808,33
24811,52
24813,43
24815,86
24816,
24817,71
24818,63
24822,57
24823,29
24826,
24827,46
24828,86
24830,71
24831,26
24834,40
24836,46
24839,51
24843,53
24844,84
24845,52
24846,49
24847,27
24848,59
24849,1
24850,76
24851,60
24853,71
24854,81
24857,46
24860,22
24861,96
24862,68
24866,52
24867,77
24868,87
24869,88
24870,71
24871,60
24872,70
24873,31
24874,67
24878,77
24879,55
24880,60
24881,23
24882,54
24884,90
24887,8
24888,55
24892,91
24894,43
24898,1
24901,57
24910,67
24915,29
24916,29
24918,40
24920,38
24924,38
24925,48
24927,37
24931,42
24934,11
24935,13
24938,8
24941,29
24944,55
24945,3
24946,36
24951,69
24954,63
24957,1
24962,10
24963,52
24966,43
24970,50
24974,38
24976,39
24977,76
24981,24
24983,40
24984,50
24986,73
24991,33
25002,
25003,37
25005,48
25007,69
25008,71
25009,68
25011,36
25015,44
25019,62
25021,94
25022,42
25024,73
25025,
25028,59
25030,46
25031,67
25033,34
25035,85
25036,38
25039,53
25040,18
25043,82
25044,42
25045,63
25047,79
25048,60
25049,39
25051,50
25053,74
25054,60
25057,60
25059,37
25060,62
25061,56
25062,35
25063,45
25064,63
25067,64
25070,26
25071,48
25075,95
25076,63
25081,26
25082,18
25083,41
25085,85
25086,45
25088,66
25090,1
25093,62
25102,58
25103,65
25106,77
25107,30
25108,79
25109,34
25110,64
25111,68
25112,1
25113,43
25114,96
25115,11
25118,19
25119,43
25121,92
25123,50
25124,41
25125,45
25126,6
25130,63
25132,1
25133,88
25134,21
25136,89
25139,14
25140,58
25141,21
25142,57
25143,54
25148,50
25149,45
25152,58
25154,55
25156,54
25159,61
25160,55
25161,70
25162,15
25164,67
25165,20
25168,41
25169,73
25173,48
25174,49
25177,66
25180,19
25181,50
25183,1
25185,
25186,88
25187,49
25193,86
25201,
25202,13
25203,
25204,48
25205,30
25206,60
25208,37
25209,79
25211,
25213,9
25214,27
25234,40
25235,66
25239,59
25241,19
25243,52
25244,9
25245,26
25247,61
25248,32
25251,46
25252,10
25253,22
25259,8
25260,63
25261,41
25262,12
25264,31
25265,60
25266,29
25267,46
25268,39
25270,44
25271,58
25275,33
25276,74
25285,3
25286,72
25287,35
25301,90
25302,69
25303,34
25304,60
25305,
25306,73
25309,46
25311,82
25312,71
25313,49
25314,15
25315,72
25320,73
25401,95
25403,24
25404,53
25405,31
25411,31
25413,48
25414,31
25419,25
25420,43
25422,46
25425,26
25427,20
25428,38
25430,36
25431,55
25432,11
25434,51
25437,17
25438,73
25442,47
25443,19
25444,1
25446,24
25501,42
25502,73
25503,43
25504,43
25505,75
25506,75
25507,23
25508,62
25510,34
25511,67
25512,69
25514,72
25515,42
25517,80
25520,35
25521,5
25523,86
25524,70
25526,22
25529,82
25530,69
25534,95
25535,11
25537,48
25540,55
25541,55
25545,15
25547,64
25550,48
25555,51
25557,70
25559,21
25560,9
25564,35
25565,66
25567,17
25570,77
25571,27
25573,50
25601,71
25606,78
25607,73
25608,47
25611,78
25617,67
25621,77
25624,59
25625,35
25628,60
25630,75
25632,60
25634,68
25635,76
25637,86
25638,58
25639,45
25644,77
25646,49
25647,74
25649,24
25650,38
25651,83
25652,87
25653,11
25654,21
25661,89
25666,70
25669,62
25670,71
25671,73
25672,67
25674,87
25676,64
25678,81
25688,26
25690,32
25692,76
25696,25
25699,32
25701,80
25702,85
25703,95
25704,76
25705,64
25801,73
25810,20
25811,
25812,61
25813,53
25817,58
25818,64
25820,12
25823,55
25825,5
25826,
25827,34
25831,50
25832,13
25836,66
25837,45
25839,30
25840,66
25841,35
25843,59
25844,58
25845,50
25846,56
25848,63
25849,8
25853,
25854,20
25855,41
25857,44
25862,11
25864,64
25865,50
25868,1
25870,1
25871,94
25873,10
25875,48
25876,1
25878,23
25879,62
25880,76
25882,55
25901,81
25902,17
25904,60
25906,27
25907,35
25908,1
25911,95
25913,15
25915,73
25916,88
25917,68
25918,42
25920,1
25921,92
25922,24
25928,33
25932,37
25936,56
25938,23
25942,30
25951,80
25958,62
25962,70
25969,26
25971,20
25972,43
25976,40
25977,88
25978,40
25979,75
25981,61
25984,83
25985,66
25989,5
26003,45
26030,68
26031,56
26032,18
26033,37
26034,58
26035,12
26036,18
26037,51
26038,4
26039,42
26040,57
26041,53
26047,39
26050,92
26055,42
26056,1
26059,23
26060,21
26062,52
26070,43
26074,59
26075,34
26101,85
26104,55
26105,32
26133,26
26134,38
26136,25
26137,45
26138,28
26141,25
26142,28
26143,55
26146,38
26147,65
26148,62
26149,43
26150,28
26151,69
26152,37
26155,56
26159,53
26160,36
26161,2
26164,62
26167,56
26169,50
26170,51
26175,47
26178,14
26180,37
26181,16
26184,30
26187,16
26201,66
26202,6
26203,55
26205,57
26206,85
26208,51
26209,48
26215,
26217,76
26218,72
26222,66
26224,16
26228,
26230,59
26234,77
26236,33
26237,60
26238,46
26241,61
26250,62
26253,79
26254,30
26257,35
26259,
26260,31
26261,70
26263,52
26264,53
26266,18
26267,13
26268,19
26269,14
26270,38
26271,44
26273,73
26275,87
26276,1
26278,20
26280,78
26282,
26283,35
26285,19
26287,61
26288,66
26291,1
26292,62
26293,55
26294,50
26296,11
26298,41
26301,74
26320,26
26321,61
26323,70
26325,71
26327,1
26330,24
26335,64
26337,38
26338,21
26339,4
26342,70
26343,71
26346,26
26347,62
26348,57
26349,81
26351,71
26354,50
26361,53
26362,57
26366,20
26369,8
26372,42
26374,36
26376,71
26377,54
26378,45
26384,16
26385,15
26386,64
26404,69
26405,59
26408,7
26410,36
26411,8
26412,62
26415,56
26416,68
26419,43
26421,60
26422,58
26424,19
26425,54
26426,39
26430,65
26431,59
26435,48
26436,34
26437,58
26438,33
26440,73
26443,7
26444,47
26447,61
26448,51
26451,6
26452,74
26456,50
26501,59
26505,85
26508,34
26519,65
26520,14
26521,12
26525,41
26534,82
26537,75
26541,19
26542,31
26543,84
26547,27
26554,57
26559,28
26560,55
26562,39
26563,32
26568,79
26570,20
26571,60
26572,59
26574,60
26575,64
26576,27
26581,64
26582,55
26585,23
26586,24
26587,60
26588,37
26590,18
26591,23
26601,53
26610,66
26611,15
26615,
26617,1
26619,55
26621,49
26623,59
26624,44
26627,36
26629,18
26631,69
26636,56
26638,77
26651,62
26656,68
26660,29
26662,19
26676,1
26678,43
26679,9
26680,67
26681,29
26684,36
26690,46
26691,42
26704,62
26705,20
26707,57
26710,33
26711,35
26714,52
26716,8
26717,35
26719,5
26720,70
26722,6
26726,51
26731,12
26739,34
26743,11
26750,72
26753,53
26755,44
26757,69
26761,17
26763,28
26764,54
26767,61
26801,34
26802,76
26804,52
26807,39
26808,42
26810,22
26812,40
26814,77
26815,40
26817,11
26818,23
26823,47
26833,31
26836,66
26845,7
26847,54
26851,27
26852,61
26855,24
26865,11
26866,42
26884,43
27006,5
27007,29
27009,16
27011,54
27012,10
27013,50
27014,91
27016,53
27017,60
27018,47
27019,25
27020,68
27021,46
27022,19
27023,6
27024,48
27025,44
27027,76
27028,59
27030,67
27040,17
27041,62
27042,6
27043,69
27045,39
27046,46
27047,60
27048,50
27050,19
27051,59
27052,60
27053,15
27054,22
27055,45
27101,92
27103,68
27104,33
27105,95
27106,63
27107,82
27109,2
27110,2
27127,66
27201,13
27203,93
27205,50
27207,36
27208,51
27209,69
27212,27
27214,41
27215,66
27217,84
27229,80
27231,27
27233,17
27235,8
27239,50
27242,59
27243,11
27244,50
27248,35
27249,49
27252,55
27253,66
27258,44
27260,100
27262,84
27263,68
27265,37
27278,33
27281,36
27282,31
27283,22
27284,37
27288,77
27291,48
27292,78
27295,60
27298,59
27299,74
27301,11
27302,43
27305,74
27306,54
27310,3
27311,75
27312,20
27313,11
27314,38
27315,36
27316,89
27317,55
27320,72
27325,58
27326,55
27330,69
27332,57
27340,11
27341,38
27343,37
27344,74
27349,29
27350,35
27355,27
27356,25
27357,43
27358,17
27360,71
27370,37
27371,54
27376,17
27377,21
27379,87
27401,94
27403,75
27405,93
27406,86
27407,79
27408,26
27409,62
27410,27
27455,18
27501,46
27502,8
27503,9
27504,62
27505,72
27507,62
27508,59
27509,90
27510,69
27511,37
27513,17
27514,53
27516,35
27517,23
27518,8
27519,8
27520,27
27521,70
27522,29
27523,28
27524,69
27525,67
27526,20
27527,9
27529,45
27530,85
27531,
27534,63
27536,98
27537,71
27539,10
27540,4
27541,48
27542,73
27544,59
27545,34
27546,66
27549,67
27551,57
27553,80
27555,89
27556,32
27557,75
27559,24
27560,36
27562,24
27563,70
27565,70
27568,40
27569,68
27571,6
27572,11
27573,95
27574,29
27576,83
27577,79
27581,20
27582,85
27583,20
27587,13
27589,80
27591,44
27592,24
27596,21
27597,55
27601,94
27603,56
27604,65
27605,49
27606,69
27607,40
27608,5
27609,53
27610,85
27612,34
27613,7
27614,8
27615,15
27616,56
27617,25
27701,96
27703,74
27704,86
27705,75
27707,81
27709,27
27712,8
27713,40
27801,93
27803,67
27804,70
27805,69
27806,57
27807,80
27808,6
27809,53
27810,66
27812,82
27813,79
27814,49
27816,61
27817,51
27818,67
27819,80
27820,59
27821,40
27822,46
27823,90
27824,72
27825,75
27826,43
27827,73
27828,82
27829,72
27830,51
27831,78
27832,85
27834,94
27837,52
27839,54
27840,59
27841,52
27842,40
27843,84
27844,78
27845,53
27846,60
27847,57
27849,69
27850,43
27851,56
27852,63
27853,48
27855,88
27856,62
27857,56
27858,73
27860,22
27861,42
27862,37
27863,42
27864,87
27865,2
27866,89
27869,60
27870,89
27871,75
27872,96
27873,53
27874,72
27875,48
27876,68
27878,97
27879,41
27880,56
27881,57
27882,68
27883,80
27884,5
27885,66
27886,90
27888,83
27889,79
27890,97
27891,70
27892,74
27893,97
27896,40
27897,86
27909,67
27910,85
27915,75
27916,48
27917,75
27919,21
27920,68
27921,39
27922,68
27923,11
27924,34
27925,77
27926,69
27927,10
27928,25
27929,5
27932,73
27935,47
27936,61
27937,47
27938,24
27939,55
27941,4
27942,39
27943,7
27944,55
27946,27
27947,15
27948,20
27949,4
27950,37
27953,29
27954,44
27956,4
27957,48
27958,21
27959,18
27960,53
27962,89
27964,20
27965,18
27966,88
27967,67
27968,16
27970,76
27972,3
27973,20
27974,46
27976,18
27978,35
27979,13
27980,15
27981,20
27982,53
27983,83
27985,81
27986,86
28001,73
28006,31
28007,56
28009,50
28012,43
28016,76
28017,2
28018,53
28019,
28020,47
28021,59
28023,48
28025,64
28027,35
28031,21
28032,50
28033,51
28034,61
28036,5
28037,10
28039,77
28040,62
28043,89
28052,92
28054,82
28056,35
28071,45
28072,46
28073,88
28075,5
28076,51
28077,98
28078,10
28079,12
28080,58
28081,81
28083,74
28086,72
28088,20
28089,66
28090,67
28091,80
28092,65
28097,41
28098,60
28101,26
28102,1
28103,37
28104,3
28105,17
28107,18
28108,24
28109,25
28110,58
28112,60
28114,57
28115,44
28117,14
28119,78
28120,33
28124,16
28125,16
28127,38
28128,58
28129,19
28133,33
28134,59
28135,64
28137,26
28138,46
28139,56
28144,84
28146,47
28147,75
28150,82
28152,68
28159,88
28160,76
28163,27
28164,31
28166,31
28167,40
28168,37
28169,70
28170,89
28173,4
28174,70
28202,55
28203,53
28204,60
28205,87
28206,96
28207,5
28208,97
28209,43
28210,54
28211,40
28212,97
28213,76
28214,57
28215,82
28216,68
28217,90
28226,13
28227,49
28244,
28262,61
28269,31
28270,10
28273,55
28277,10
28278,18
28280,
28282,
28301,96
28303,79
28304,72
28305,67
28306,77
28307,41
28308,19
28310,
28311,67
28312,62
28314,73
28315,64
28318,18
28320,55
28323,36
28325,78
28326,55
28327,30
28328,88
28330,53
28332,74
28333,92
28334,79
28337,82
28338,55
28339,69
28340,89
28341,90
28342,3
28343,82
28344,73
28345,91
28347,91
28348,50
28349,63
28350,22
28351,76
28352,95
28356,35
28357,70
28358,91
28360,85
28363,46
28364,85
28365,85
28366,80
28367,89
28369,68
28371,74
28372,90
28373,56
28374,3
28375,12
28376,64
28377,93
28379,82
28382,50
28383,83
28384,80
28385,60
28386,84
28387,60
28390,76
28391,51
28392,73
28393,59
28394,41
28395,48
28396,81
28398,87
28399,63
28401,94
28403,79
28405,49
28409,12
28411,20
28412,52
28420,59
28421,47
28422,45
28423,71
28424,86
28425,80
28428,26
28429,40
28430,58
28431,76
28432,59
28433,76
28434,59
28435,54
28436,37
28438,84
28439,63
28441,94
28442,36
28443,14
28444,25
28445,34
28447,45
28448,69
28449,7
28450,58
28451,43
28452,74
28453,81
28454,20
28455,41
28456,73
28457,52
28458,77
28460,45
28461,18
28462,39
28463,77
28464,84
28465,10
28466,56
28467,11
28468,26
28469,17
28470,52
28472,78
28478,55
28479,43
28480,13
28501,96
28504,74
28508,71
28510,29
28511,42
28512,9
28513,75
28515,74
28516,56
28518,62
28519,87
28520,40
28521,50
28523,34
28524,6
28525,64
28526,90
28527,46
28528,23
28529,41
28530,70
28531,46
28532,57
28533,11
28537,52
28538,77
28539,54
28540,74
28543,35
28544,89
28546,57
28547,40
28551,66
28552,44
28553,50
28554,19
28555,46
28556,27
28557,36
28560,77
28562,41
28570,47
28571,27
28572,65
28573,51
28574,53
28575,4
28577,46
28578,78
28579,16
28580,83
28581,14
28582,16
28583,55
28584,35
28585,67
28586,78
28587,49
28589,38
28590,29
28594,3
28601,62
28602,73
28604,50
28605,12
28606,37
28607,74
28609,25
28610,61
28611,37
28612,60
28613,56
28615,73
28616,1
28617,47
28618,22
28619,53
28621,61
28622,77
28623,47
28624,48
28625,46
28626,7
28627,75
28628,45
28629,
28630,65
28631,30
28634,60
28635,55
28636,66
28637,78
28638,60
28640,73
28642,64
28643,62
28644,40
28645,65
28646,20
28647,
28649,40
28650,44
28651,64
28652,
28654,20
28655,70
28657,40
28658,57
28659,80
28660,15
28662,33
28663,20
28665,41
28666,55
28667,62
28668,8
28669,29
28670,27
28671,23
28672,1
28673,2
28675,74
28676,38
28677,72
28678,19
28679,22
28681,46
28682,37
28683,68
28684,62
28685,39
28689,54
28690,46
28692,15
28693,54
28694,54
28697,56
28698,61
28701,32
28702,10
28704,28
28705,43
28707,55
28708,42
28709,17
28711,38
28712,53
28713,65
28714,59
28715,41
28716,59
28717,37
28718,26
28719,76
28720,29
28721,51
28722,58
28723,72
28725,35
28726,76
28729,21
28730,18
28731,38
28732,14
28733,23
28734,54
28735,35
28736,43
28739,25
28740,37
28741,25
28742,22
28743,74
28745,11
28746,25
28747,58
28748,57
28749,1
28751,15
28752,68
28753,54
28754,44
28756,34
28757,1
28759,12
28761,50
28762,62
28763,32
28766,19
28768,32
28771,49
28772,13
28773,29
28774,44
28775,70
28777,48
28778,45
28779,48
28781,15
28782,19
28783,72
28785,29
28786,55
28787,33
28789,76
28790,8
28791,25
28792,62
28801,83
28803,52
28804,43
28805,40
28806,56
28901,66
28902,11
28904,46
28905,54
28906,41
28909,25
29001,66
29003,78
29006,74
29009,46
29010,77
29014,30
29015,66
29016,17
29018,56
29020,50
29030,32
29031,71
29032,79
29033,67
29036,5
29037,71
29038,47
29039,41
29040,56
29042,92
29044,65
29045,34
29046,21
29047,80
29048,85
29051,50
29052,46
29053,84
29054,29
29055,67
29056,71
29058,56
29059,67
29061,53
29062,74
29063,12
29065,49
29067,75
29069,75
29070,58
29072,13
29073,50
29074,16
29075,6
29078,35
29079,
29080,86
29081,38
29082,52
29101,64
29102,80
29104,74
29105,68
29107,64
29108,86
29111,54
29112,68
29113,51
29114,48
29115,90
29117,2
29118,53
29122,10
29123,72
29125,66
29126,25
29127,31
29128,57
29129,53
29130,31
29133,66
29135,65
29137,55
29138,76
29142,68
29145,76
29146,78
29147,
29148,78
29150,83
29152,67
29153,78
29154,60
29160,64
29161,79
29162,73
29163,81
29164,66
29166,49
29168,78
29169,74
29170,46
29172,73
29175,49
29178,59
29180,73
29201,85
29202,26
29203,95
29204,85
29205,61
29206,22
29207,20
29208,2
29209,56
29210,85
29212,27
29223,71
29225,2
29229,30
29301,84
29302,42
29303,93
29306,95
29307,65
29316,28
29320,8
29321,70
29322,22
29323,41
29324,53
29325,80
29329,80
29330,62
29331,10
29332,72
29333,45
29334,38
29335,53
29338,
29340,76
29341,66
29346,33
29349,44
29351,43
29353,62
29355,57
29356,36
29360,85
29364,90
29365,21
29368,1
29369,11
29370,61
29372,59
29373,77
29374,37
29375,75
29376,26
29377,48
29378,92
29379,85
29384,47
29385,67
29388,51
29401,55
29403,86
29404,29
29405,92
29406,95
29407,44
29409,8
29410,43
29412,18
29414,20
29418,78
29420,53
29423,
29424,1
29426,55
29429,5
29431,46
29432,69
29434,47
29435,54
29436,69
29437,53
29438,17
29439,22
29440,74
29445,49
29446,29
29448,86
29449,49
29450,53
29451,1
29452,38
29453,59
29455,11
29456,55
29458,65
29461,36
29464,18
29466,2
29468,89
29469,13
29470,65
29471,45
29472,52
29474,68
29475,59
29477,70
29479,78
29481,61
29482,9
29483,48
29485,35
29487,52
29488,77
29492,12
29493,65
29501,69
29505,55
29506,89
29510,74
29511,39
29512,93
29516,80
29518,75
29519,46
29520,84
29525,89
29526,56
29527,72
29530,68
29532,83
29536,96
29540,76
29541,47
29543,51
29544,45
29545,85
29546,67
29547,81
29550,71
29554,78
29555,77
29556,88
29560,91
29563,84
29564,74
29565,84
29566,28
29567,57
29568,54
29569,71
29570,90
29571,91
29572,36
29574,81
29575,28
29576,17
29577,82
29579,36
29580,53
29581,57
29582,33
29583,67
29584,77
29585,18
29588,48
29590,82
29591,81
29592,77
29593,77
29594,56
29596,64
29601,85
29605,77
29607,55
29609,69
29611,95
29613,2
29614,52
29615,36
29617,79
29620,69
29621,47
29624,97
29625,56
29626,61
29627,71
29628,85
29630,79
29631,59
29634,78
29635,24
29638,58
29639,58
29640,67
29642,15
29643,5
29644,57
29645,57
29646,89
29649,68
29650,20
29651,37
29653,43
29654,46
29655,55
29657,43
29658,18
29659,91
29661,64
29662,43
29664,12
29665,54
29666,44
29667,54
29669,51
29670,60
29671,44
29672,31
29673,56
29676,9
29678,75
29680,11
29681,6
29682,42
29683,12
29684,63
29685,16
29686,75
29687,32
29689,29
29690,47
29691,82
29692,87
29693,71
29696,42
29697,59
29702,60
29704,66
29706,72
29707,2
29708,5
29709,41
29710,33
29712,31
29714,57
29715,21
29717,27
29718,75
29720,74
29724,44
29726,51
29727,91
29728,90
29729,63
29730,77
29732,32
29733,2
29741,34
29742,54
29743,92
29745,52
29801,80
29803,21
29805,28
29809,65
29810,94
29812,81
29816,94
29817,75
29819,84
29821,63
29824,71
29826,73
29827,72
29828,91
29829,64
29831,44
29832,84
29834,93
29835,53
29836,35
29838,9
29840,33
29841,63
29842,66
29843,66
29844,11
29845,53
29847,58
29848,26
29849,76
29850,8
29851,70
29853,86
29856,65
29860,21
29899,
29902,50
29904,1
29905,11
29906,77
29907,27
29909,5
29910,23
29911,23
29912,
29915,4
29916,21
29918,84
29920,49
29921,54
29922,64
29923,78
29924,61
29926,30
29927,79
29928,10
29929,32
29932,64
29934,73
29935,62
29936,68
29939,67
29940,38
29941,38
29943,21
29944,60
29945,61
30002,58
30004,11
30005,11
30008,86
30009,24
30011,41
30012,87
30013,48
30014,80
30016,56
30017,8
30019,13
30021,99
30022,15
30024,4
30025,27
30028,14
30030,44
30032,90
30033,45
30034,71
30035,84
30038,64
30039,33
30040,16
30041,6
30043,37
30044,58
30045,33
30046,83
30047,38
30052,26
30054,51
30055,21
30056,47
30058,74
30060,91
30062,9
30064,12
30066,11
30067,65
30068,3
30070,93
30071,83
30072,21
30075,6
30076,50
30078,28
30079,86
30080,52
30082,43
30083,90
30084,56
30087,35
30088,80
30092,46
30093,92
30094,29
30096,68
30097,16
30101,16
30102,42
30103,50
30104,50
30105,21
30106,59
30107,21
30108,62
30110,59
30113,63
30114,49
30115,6
30116,48
30117,87
30118,2
30120,70
30121,61
30122,79
30124,52
30125,82
30126,42
30127,22
30132,43
30134,72
30135,41
30137,59
30139,51
30141,33
30143,31
30144,41
30145,19
30147,72
30148,25
30149,13
30152,14
30153,65
30157,22
30161,80
30164,
30165,77
30168,86
30170,48
30171,12
30173,73
30175,62
30176,71
30177,16
30178,56
30179,43
30180,47
30182,64
30183,14
30184,29
30185,68
30187,26
30188,15
30189,10
30204,67
30205,6
30206,24
30213,60
30214,22
30215,5
30216,73
30217,60
30218,28
30220,51
30222,94
30223,83
30224,61
30228,48
30230,79
30233,73
30234,66
30236,83
30238,82
30240,80
30241,88
30248,23
30250,
30251,79
30252,9
30253,49
30256,35
30257,28
30258,41
30259,19
30260,85
30263,70
30265,20
30268,76
30269,13
30273,44
30274,91
30275,19
30276,14
30277,13
30281,59
30284,54
30285,19
30286,74
30288,68
30289,76
30290,3
30291,83
30292,35
30293,73
30294,41
30295,38
30296,64
30297,98
30303,87
30305,26
30306,22
30307,35
30308,66
30309,34
30310,93
30311,95
30312,83
30313,88
30314,97
30315,98
30316,67
30317,53
30318,86
30319,26
30322,2
30324,53
30326,59
30327,5
30328,24
30329,87
30331,84
30332,1
30334,
30336,73
30337,93
30338,16
30339,22
30340,88
30341,72
30342,45
30344,87
30345,66
30346,29
30349,72
30350,46
30354,94
30360,73
30363,63
30401,90
30410,51
30411,86
30412,40
30413,65
30415,41
30417,81
30420,86
30421,63
30423,93
30425,35
30426,70
30427,79
30428,63
30429,92
30434,90
30436,85
30438,43
30439,93
30441,65
30442,82
30445,82
30446,50
30448,14
30449,67
30450,70
30451,27
30452,48
30453,89
30454,34
30455,41
30456,82
30457,84
30458,89
30460,2
30461,48
30464,60
30467,77
30470,79
30471,70
30473,42
30474,86
30475,
30477,87
30501,93
30504,81
30506,27
30507,67
30510,60
30511,50
30512,43
30513,38
30516,67
30517,18
30518,37
30519,11
30520,71
30521,42
30522,30
30523,29
30525,61
30527,45
30528,39
30529,73
30530,58
30531,69
30533,49
30534,31
30535,57
30536,45
30537,29
30538,36
30540,65
30541,42
30542,25
30543,39
30545,25
30546,34
30547,41
30548,8
30549,35
30552,55
30553,58
30554,43
30555,61
30557,46
30558,65
30559,49
30560,34
30562,60
30563,28
30564,47
30565,45
30566,76
30567,35
30568,36
30571,7
30572,51
30573,5
30575,19
30576,48
30577,65
30581,51
30582,37
30601,95
30602,2
30605,83
30606,77
30607,79
30609,2
30619,31
30620,27
30621,5
30622,31
30623,25
30624,73
30625,39
30627,68
30628,41
30629,74
30630,58
30631,81
30633,57
30634,68
30635,74
30641,30
30642,55
30643,55
30646,68
30648,38
30650,26
30655,78
30656,36
30660,74
30662,80
30663,61
30664,19
30665,74
30666,30
30667,34
30668,47
30669,78
30673,70
30677,8
30678,53
30680,56
30683,52
30701,76
30705,69
30707,34
30708,61
30710,41
30711,50
30720,78
30721,84
30725,41
30726,
30728,71
30730,64
30731,61
30733,80
30734,65
30735,56
30736,21
30738,17
30739,35
30740,31
30741,76
30742,77
30746,74
30747,76
30750,24
30751,11
30752,62
30753,67
30755,63
30756,59
30757,72
30802,23
30803,57
30805,48
30807,37
30808,56
30809,9
30810,74
30812,42
30813,30
30814,46
30815,64
30816,46
30817,67
30818,54
30820,57
30821,68
30822,49
30823,64
30824,86
30828,88
30830,79
30833,93
30901,100
30903,29
30904,92
30905,54
30906,90
30907,25
30909,66
30912,19
31001,81
31002,79
31003,20
31005,32
31006,83
31007,49
31008,51
31009,71
31011,31
31012,82
31014,63
31015,93
31016,57
31017,34
31018,60
31019,53
31020,71
31021,83
31022,52
31023,77
31024,51
31025,3
31027,84
31028,56
31029,54
31030,89
31031,73
31032,39
31033,53
31035,68
31036,83
31037,76
31038,1
31039,
31041,82
31042,31
31044,71
31045,
31046,28
31047,15
31049,74
31050,67
31051,81
31052,17
31054,71
31055,80
31057,86
31058,61
31060,50
31061,78
31062,53
31063,83
31064,59
31065,29
31066,54
31067,26
31068,85
31069,58
31070,31
31071,72
31072,41
31075,59
31076,71
31077,47
31078,72
31079,60
31081,
31082,76
31083,52
31084,6
31085,64
31087,72
31088,56
31089,88
31090,79
31091,84
31092,84
31093,89
31094,53
31096,84
31097,28
31098,42
31201,99
31204,92
31206,97
31207,2
31210,60
31211,82
31213,
31216,46
31217,90
31220,29
31301,85
31302,47
31303,26
31304,1
31305,68
31307,20
31308,63
31309,53
31312,22
31313,76
31314,
31315,46
31316,65
31318,11
31320,66
31321,80
31322,33
31323,60
31324,34
31326,42
31327,7
31328,21
31329,40
31331,43
31401,91
31404,90
31405,82
31406,65
31407,22
31408,93
31409,11
31410,7
31411,5
31415,99
31419,64
31501,86
31503,72
31510,76
31512,56
31513,72
31516,67
31518,78
31519,67
31520,95
31522,5
31523,34
31524,
31525,76
31527,13
31532,49
31533,87
31535,69
31537,82
31539,86
31542,37
31543,61
31544,36
31545,77
31546,71
31547,26
31548,68
31549,77
31550,65
31551,54
31552,63
31553,62
31554,71
31555,28
31556,47
31557,47
31558,62
31560,50
31561,
31562,46
31563,65
31565,57
31566,67
31567,49
31568,38
31569,35
31601,97
31602,85
31605,43
31606,73
31620,79
31622,62
31623,45
31624,72
31625,59
31626,69
31627,84
31629,31
31630,82
31631,55
31632,21
31634,90
31635,84
31636,81
31637,62
31638,50
31639,74
31641,23
31642,86
31643,77
31645,74
31647,88
31648,42
31649,47
31650,62
31698,2
31699,1
31701,98
31705,98
31707,89
31709,94
31711,72
31712,66
31714,82
31716,52
31719,92
31720,70
31721,33
31722,57
31730,88
31733,17
31735,53
31738,73
31743,99
31744,64
31747,80
31749,79
31750,82
31756,15
31757,44
31763,50
31764,37
31765,77
31768,93
31771,87
31772,10
31773,62
31774,82
31775,57
31778,55
31779,93
31780,71
31781,88
31783,42
31784,60
31787,66
31788,76
31789,40
31790,91
31791,79
31792,86
31793,39
31794,86
31795,53
31796,73
31798,44
31801,44
31803,63
31804,7
31805,93
31806,66
31807,4
31808,3
31810,79
31811,20
31812,50
31814,46
31815,88
31816,80
31820,1
31821,46
31822,39
31823,39
31824,72
31825,61
31826,78
31827,76
31829,3
31830,71
31831,38
31832,53
31833,70
31836,43
31901,97
31903,100
31904,83
31905,40
31906,91
31907,81
31909,57
32003,7
32008,46
32009,8
32011,34
32024,38
32025,74
32026,
32033,49
32034,21
32038,50
32040,58
32043,39
32044,71
32046,41
32052,90
32053,82
32054,78
32055,81
32058,71
32059,53
32060,60
32061,62
32062,36
32063,33
32064,83
32065,28
32066,56
32068,45
32071,57
32072,15
32073,50
32079,62
32080,15
32081,1
32082,5
32083,77
32084,56
32086,23
32087,48
32091,84
32092,17
32094,33
32095,17
32096,57
32097,43
32102,58
32110,78
32112,85
32113,78
32114,94
32117,82
32118,54
32119,67
32124,45
32127,40
32128,16
32129,52
32130,44
32131,57
32132,34
32133,20
32134,61
32136,16
32137,27
32139,65
32140,48
32141,34
32145,69
32147,62
32148,82
32157,41
32159,29
32162,2
32164,37
32168,32
32169,9
32174,23
32176,33
32177,84
32179,57
32180,53
32181,60
32187,43
32189,62
32190,53
32193,64
32195,40
32202,100
32204,91
32205,83
32206,97
32207,83
32208,89
32209,98
32210,80
32211,84
32212,32
32216,79
32217,68
32218,64
32219,53
32220,54
32221,50
32222,37
32223,8
32224,35
32225,28
32226,14
32227,23
32228,1
32233,41
32234,37
32244,72
32246,56
32250,22
32254,96
32256,37
32257,41
32258,19
32259,3
32266,22
32277,66
32301,86
32303,62
32304,96
32305,89
32308,38
32309,10
32310,91
32311,25
32312,8
32317,5
32320,73
32321,72
32322,57
32323,37
32324,88
32327,44
32328,60
32330,90
32331,69
32332,92
32333,59
32334,39
32336,55
32340,82
32343,36
32344,60
32346,63
32347,50
32348,80
32350,38
32351,90
32352,53
32355,69
32356,
32358,25
32359,63
32361,11
32399,
32401,91
32403,20
32404,54
32405,67
32407,39
32408,53
32409,36
32410,17
32413,18
32420,53
32421,55
32423,4
32424,63
32425,81
32426,57
32427,73
32428,71
32430,44
32431,68
32432,
32433,81
32435,62
32437,81
32438,60
32439,45
32440,74
32442,60
32443,72
32444,27
32445,82
32446,68
32447,
32448,88
32449,17
32455,64
32456,32
32459,9
32460,73
32461,1
32462,58
32463,89
32464,57
32465,55
32466,26
32501,93
32502,74
32503,60
32504,57
32505,86
32506,70
32507,59
32508,26
32509,
32511,1
32514,69
32526,14
32530,1
32531,37
32533,10
32534,45
32535,59
32536,45
32539,59
32541,25
32542,54
32544,34
32547,66
32548,60
32550,34
32561,10
32563,15
32564,23
32565,18
32566,26
32567,47
32568,27
32569,36
32570,58
32571,24
32577,15
32578,11
32579,39
32580,49
32583,48
32601,75
32603,68
32605,21
32606,31
32607,75
32608,72
32609,85
32612,19
32615,30
32616,81
32617,48
32618,49
32619,60
32621,52
32622,73
32625,45
32626,74
32628,80
32631,1
32639,8
32640,56
32641,86
32643,40
32648,20
32653,24
32656,48
32658,41
32664,10
32666,50
32667,38
32668,33
32669,12
32680,74
32681,
32683,50
32686,59
32692,19
32693,69
32694,64
32696,64
32697,77
32701,61
32702,77
32703,75
32707,49
32708,21
32709,9
32712,31
32713,14
32714,58
32720,53
32724,53
32725,42
32726,73
32730,61
32732,7
32735,10
32736,11
32738,47
32744,34
32746,23
32750,29
32751,33
32754,42
32757,46
32759,57
32763,53
32764,18
32765,23
32766,7
32767,56
32771,65
32773,77
32776,25
32778,46
32779,13
32780,51
32784,57
32789,26
32792,71
32796,48
32798,9
32801,73
32803,28
32804,30
32805,98
32806,49
32807,84
32808,98
32809,88
32810,77
32811,93
32812,63
32814,23
32817,56
32818,88
32819,41
32820,36
32821,49
32822,88
32824,43
32825,61
32826,69
32827,25
32828,40
32829,22
32830,11
32831,19
32832,21
32833,33
32835,62
32836,13
32837,52
32839,94
32901,81
32903,5
32904,26
32905,75
32907,37
32908,55
32909,44
32920,45
32922,96
32925,48
32926,44
32927,30
32931,18
32934,13
32935,61
32937,13
32940,7
32948,74
32949,4
32950,18
32951,4
32952,14
32953,41
32955,18
32958,24
32960,64
32962,43
32963,1
32966,27
32967,58
32968,7
32970,28
32976,27
33001,36
33004,78
33009,87
33010,94
33012,93
33013,85
33014,86
33015,76
33016,80
33018,47
33019,21
33020,91
33021,55
33023,76
33024,62
33025,59
33026,29
33027,35
33028,12
33029,12
33030,98
33031,34
33032,86
33033,90
33034,100
33035,79
33036,16
33037,42
33039,35
33040,67
33042,12
33043,34
33050,64
33051,15
33054,99
33055,74
33056,89
33060,94
33062,37
33063,58
33064,81
33065,77
33066,29
33067,13
33068,79
33069,80
33070,19
33071,37
33073,40
33076,12
33101,
33109,6
33122,57
33125,96
33126,91
33127,99
33128,100
33129,52
33130,90
33131,45
33132,61
33133,67
33134,57
33135,98
33136,99
33137,80
33138,87
33139,77
33140,44
33141,76
33142,100
33143,56
33144,73
33145,69
33146,26
33147,98
33149,16
33150,99
33154,56
33155,46
33156,21
33157,67
33158,3
33160,56
33161,97
33162,85
33165,58
33166,70
33167,93
33168,77
33169,86
33170,83
33172,73
33173,42
33174,78
33175,51
33176,40
33177,59
33178,53
33179,63
33180,31
33181,83
33182,26
33183,59
33184,50
33185,19
33186,40
33187,27
33189,65
33190,76
33193,67
33194,29
33196,42
33301,25
33304,69
33305,20
33306,24
33308,27
33309,82
33311,99
33312,78
33313,94
33314,85
33315,50
33316,45
33317,56
33319,75
33321,49
33322,35
33323,24
33324,48
33325,27
33326,23
33327,16
33328,22
33330,10
33331,5
33332,9
33334,83
33351,71
33401,85
33403,74
33404,89
33405,79
33406,59
33407,96
33408,12
33409,88
33410,28
33411,32
33412,6
33413,57
33414,23
33415,90
33417,89
33418,8
33426,44
33428,40
33430,100
33431,38
33432,30
33433,31
33434,23
33435,80
33436,37
33437,9
33438,20
33440,92
33441,81
33442,48
33444,81
33445,46
33446,25
33449,3
33455,30
33458,31
33460,97
33461,91
33462,72
33463,70
33467,18
33469,5
33470,31
33471,75
33472,7
33473,1
33476,100
33477,6
33478,2
33480,6
33483,27
33484,28
33486,26
33487,18
33493,97
33496,8
33498,5
33503,13
33510,48
33511,57
33513,55
33514,56
33521,55
33523,76
33525,49
33527,62
33534,83
33538,53
33540,68
33541,51
33542,71
33543,18
33544,21
33545,22
33547,15
33548,3
33549,19
33556,6
33558,18
33559,41
33563,86
33565,55
33566,51
33567,62
33569,31
33570,70
33572,11
33573,22
33576,11
33578,51
33579,25
33584,52
33585,24
33592,79
33594,28
33596,5
33597,63
33598,59
33602,69
33603,85
33604,90
33605,99
33606,48
33607,90
33609,46
33610,96
33611,42
33612,98
33613,97
33614,91
33615,71
33616,67
33617,88
33618,28
33619,91
33620,75
33621,21
33624,38
33625,39
33626,18
33629,6
33634,70
33635,62
33637,70
33647,34
33701,67
33702,54
33703,24
33704,19
33705,81
33706,18
33707,41
33708,29
33709,60
33710,28
33711,73
33712,78
33713,61
33714,86
33715,5
33716,58
33744,32
33755,91
33756,79
33759,60
33760,80
33761,22
33762,40
33763,46
33764,35
33765,74
33767,21
33770,67
33771,60
33772,33
33773,40
33774,51
33776,1
33777,20
33778,33
33781,75
33782,40
33785,27
33786,14
33801,95
33803,57
33805,94
33809,49
33810,50
33811,33
33812,19
33813,12
33815,90
33823,69
33825,79
33827,38
33830,73
33834,76
33837,47
33838,87
33839,71
33841,57
33843,62
33844,75
33847,67
33848,85
33849,50
33850,71
33851,23
33852,58
33853,91
33854,61
33855,
33856,19
33857,69
33859,61
33860,61
33865,54
33867,30
33868,56
33870,83
33872,29
33873,87
33875,10
33876,25
33877,55
33880,78
33881,79
33884,34
33890,67
33896,52
33897,36
33898,63
33901,88
33903,50
33904,35
33905,68
33907,83
33908,31
33909,44
33912,5
33913,11
33914,19
33916,97
33917,47
33919,25
33920,26
33921,17
33922,36
33924,51
33928,9
33930,47
33931,22
33935,87
33936,87
33944,1
33945,
33946,1
33947,16
33948,43
33950,21
33952,64
33953,22
33954,24
33955,27
33956,25
33957,7
33960,17
33965,2
33966,14
33967,51
33971,70
33972,58
33973,95
33974,72
33976,67
33980,45
33981,16
33982,42
33983,22
33990,46
33991,23
33993,41
34101,
34102,36
34103,11
34104,51
34105,15
34108,10
34109,30
34110,22
34112,41
34113,52
34114,34
34116,82
34117,27
34119,11
34120,24
34134,6
34135,28
34137,49
34138,31
34139,1
34140,49
34141,10
34142,100
34145,11
34201,6
34202,7
34203,49
34205,83
34207,82
34208,83
34209,27
34210,46
34211,2
34212,10
34215,10
34216,9
34217,12
34219,3
34221,50
34222,21
34223,19
34224,32
34228,4
34229,6
34231,44
34232,33
34233,30
34234,88
34235,22
34236,46
34237,69
34238,8
34239,29
34240,9
34241,5
34242,3
34243,27
34251,13
34266,86
34268,
34269,21
34275,16
34285,19
34286,23
34287,39
34288,29
34289,35
34291,8
34292,13
34293,11
34420,61
34428,74
34429,44
34431,49
34432,48
34433,47
34434,33
34436,60
34442,28
34445,
34446,30
34448,56
34449,69
34450,52
34452,49
34453,66
34461,43
34465,46
34470,82
34471,60
34472,73
34473,39
34474,71
34475,98
34476,16
34479,67
34480,44
34481,28
34482,62
34484,30
34488,62
34491,36
34498,61
34601,70
34602,51
34604,44
34606,51
34607,37
34608,58
34609,39
34610,57
34613,34
34614,27
34637,27
34638,18
34639,15
34652,69
34653,71
34654,44
34655,17
34661,27
34667,57
34668,78
34669,43
34677,31
34679,8
34681,20
34683,23
34684,24
34685,19
34688,34
34689,54
34690,74
34691,66
34695,12
34698,38
34705,60
34711,24
34714,59
34715,23
34731,41
34734,19
34736,53
34737,16
34739,66
34741,94
34743,68
34744,56
34746,55
34747,36
34748,62
34753,72
34756,23
34758,69
34759,58
34760,42
34761,51
34762,11
34769,78
34771,13
34772,27
34773,36
34785,19
34786,19
34787,33
34788,33
34797,13
34945,55
34946,73
34947,96
34949,20
34950,99
34951,42
34952,47
34953,32
34956,93
34957,31
34972,81
34974,62
34981,76
34982,72
34983,38
34984,27
34986,37
34987,13
34990,6
34994,56
34996,8
34997,32
35004,14
35005,65
35006,35
35007,30
35010,75
35013,
35014,58
35016,51
35019,55
35020,94
35022,27
35023,45
35031,61
35032,16
35033,55
35034,85
35035,21
35036,96
35040,17
35042,33
35043,3
35044,89
35045,76
35046,60
35049,57
35051,58
35052,88
35053,45
35054,34
35055,69
35057,32
35058,36
35060,47
35061,71
35062,34
35063,55
35064,86
35068,32
35070,83
35071,25
35072,71
35073,55
35074,43
35077,56
35078,52
35079,15
35080,2
35082,
35083,68
35085,68
35087,80
35089,64
35091,6
35094,35
35096,38
35097,40
35098,34
35111,16
35112,6
35114,15
35115,76
35116,19
35117,15
35118,44
35119,80
35120,26
35121,60
35124,8
35125,64
35126,24
35127,10
35128,49
35130,70
35131,65
35133,48
35135,46
35136,38
35139,71
35143,16
35146,21
35147,8
35148,74
35149,28
35150,83
35151,32
35160,81
35171,40
35172,57
35173,12
35175,42
35176,86
35178,64
35179,53
35180,35
35183,13
35184,76
35186,21
35187,
35188,44
35203,94
35204,96
35205,82
35206,92
35207,92
35208,86
35209,46
35210,53
35211,91
35212,93
35213,5
35214,52
35215,83
35216,38
35217,90
35218,95
35221,84
35222,73
35223,1
35224,78
35226,7
35228,87
35229,2
35233,87
35234,93
35235,54
35242,9
35243,17
35244,10
35254,81
35401,96
35404,84
35405,58
35406,8
35441,47
35442,86
35443,98
35444,35
35446,43
35447,77
35452,39
35453,51
35456,62
35457,
35458,15
35459,56
35460,42
35461,48
35462,84
35463,26
35464,87
35466,56
35469,20
35470,82
35473,46
35474,49
35475,10
35476,91
35477,18
35480,10
35481,78
35490,55
35501,81
35503,39
35504,46
35540,57
35541,42
35542,33
35543,73
35544,54
35545,34
35546,49
35548,57
35549,72
35550,62
35552,49
35553,65
35554,32
35555,66
35559,11
35563,72
35564,56
35565,64
35570,65
35571,32
35572,35
35574,25
35575,71
35576,33
35577,39
35578,55
35579,57
35580,49
35581,70
35582,76
35584,71
35585,22
35586,69
35587,50
35592,74
35593,39
35594,49
35601,84
35603,50
35610,30
35611,79
35613,29
35614,59
35615,
35616,54
35618,76
35619,44
35620,43
35621,34
35622,48
35630,86
35633,26
35634,24
35640,28
35643,49
35645,20
35646,47
35647,26
35648,27
35649,1
35650,73
35651,62
35652,23
35653,73
35654,70
35660,82
35661,24
35670,40
35671,69
35672,41
35673,46
35674,58
35677,49
35739,28
35740,80
35741,20
35744,64
35745,17
35746,39
35747,30
35748,26
35749,7
35750,40
35751,4
35752,46
35754,48
35755,13
35756,13
35757,11
35758,19
35759,5
35760,57
35761,33
35763,2
35764,74
35765,52
35766,49
35768,62
35769,26
35771,71
35772,73
35773,42
35774,10
35775,23
35776,50
35801,42
35802,37
35803,14
35805,98
35806,37
35808,36
35810,83
35811,42
35816,95
35824,30
35896,2
35901,79
35903,79
35904,69
35905,26
35906,48
35907,11
35950,73
35951,77
35952,65
35953,60
35954,54
35956,52
35957,81
35958,60
35959,47
35960,49
35961,77
35962,69
35963,60
35966,53
35967,75
35968,51
35971,71
35972,53
35973,57
35974,72
35975,62
35976,54
35978,56
35979,43
35980,59
35981,31
35983,26
35984,38
35986,79
35987,56
35988,52
35989,69
35990,41
36003,61
36005,41
36006,20
36009,57
36010,74
36013,2
36016,86
36017,87
36020,62
36022,14
36024,42
36025,72
36026,49
36027,93
36028,56
36029,49
36030,44
36031,35
36032,89
36033,64
36034,57
36035,29
36036,41
36037,75
36038,10
36039,22
36040,90
36041,22
36042,48
36043,63
36046,55
36047,73
36048,83
36049,52
36051,40
36052,6
36053,82
36054,52
36064,2
36066,45
36067,56
36069,45
36071,52
36075,84
36078,72
36079,43
36080,7
36081,89
36082,1
36083,82
36088,94
36089,84
36091,56
36092,53
36093,5
36104,99
36105,89
36106,55
36107,95
36108,96
36109,38
36110,96
36111,84
36112,
36113,42
36115,26
36116,85
36117,50
36201,93
36203,50
36205,79
36206,68
36207,49
36250,14
36251,73
36255,49
36256,37
36258,33
36260,70
36262,72
36263,81
36264,63
36265,65
36266,66
36267,11
36268,58
36269,36
36271,46
36272,59
36273,21
36274,68
36276,59
36277,45
36278,69
36279,40
36280,46
36301,79
36303,78
36305,30
36310,71
36311,72
36312,52
36313,19
36314,34
36316,22
36317,68
36318,54
36319,47
36320,56
36321,60
36322,80
36323,69
36330,63
36340,82
36343,62
36344,73
36345,19
36346,55
36350,66
36351,66
36352,37
36353,43
36360,68
36362,49
36370,62
36371,49
36373,58
36374,34
36375,57
36376,70
36401,67
36420,72
36421,59
36425,68
36426,69
36432,55
36435,51
36436,39
36439,75
36441,58
36442,57
36444,77
36445,54
36446,67
36451,65
36453,58
36454,
36455,35
36456,62
36460,84
36467,73
36470,
36471,77
36473,9
36474,49
36475,59
36476,1
36477,76
36480,79
36481,90
36482,58
36483,36
36502,81
36505,45
36507,58
36509,83
36511,24
36512,
36513,86
36518,66
36521,38
36522,66
36523,72
36524,68
36525,66
36526,18
36527,17
36528,3
36529,44
36530,45
36532,19
36535,38
36538,65
36539,73
36540,67
36541,62
36542,33
36543,6
36544,70
36545,81
36548,24
36549,14
36550,56
36551,33
36553,22
36555,4
36556,67
36558,36
36559,1
36560,75
36561,8
36562,53
36564,1
36567,62
36568,61
36569,51
36571,43
36572,27
36574,55
36575,43
36576,22
36578,11
36579,43
36580,51
36581,1
36582,65
36583,43
36584,50
36585,54
36587,66
36590,
36602,73
36603,97
36604,72
36605,88
36606,85
36607,86
36608,61
36609,76
36610,96
36611,89
36612,98
36613,61
36615,
36616,11
36617,90
36618,52
36619,42
36688,1
36693,35
36695,36
36701,87
36703,94
36720,84
36722,64
36723,96
36726,87
36727,1
36728,80
36732,84
36736,58
36738,36
36740,74
36742,27
36744,85
36748,62
36749,74
36750,55
36751,78
36752,48
36753,
36754,70
36756,75
36758,50
36759,59
36761,79
36763,56
36765,68
36766,54
36767,95
36768,50
36769,76
36773,66
36775,69
36776,48
36782,41
36783,40
36784,71
36785,83
36786,81
36790,16
36792,28
36793,6
36801,71
36804,50
36830,65
36832,77
36849,2
36850,82
36852,76
36853,61
36854,61
36855,66
36856,20
36858,54
36859,
36860,73
36861,50
36862,69
36863,80
36865,6
36866,52
36867,79
36869,91
36870,44
36871,44
36874,17
36875,44
36877,62
36879,6
36901,52
36904,58
36907,55
36908,44
36910,
36912,64
36913,
36915,72
36916,67
36919,74
36921,31
36922,80
36925,87
37010,19
37012,38
37013,65
37014,18
37015,59
37016,10
37018,46
37019,26
37020,17
37022,51
37023,44
37025,55
37026,31
37027,1
37028,4
37029,9
37030,72
37031,24
37032,42
37033,61
37034,14
37035,24
37036,65
37037,18
37040,71
37042,65
37043,19
37046,4
37047,40
37048,16
37049,30
37050,53
37051,33
37052,10
37055,60
37057,69
37058,46
37059,21
37060,12
37061,53
37062,31
37064,18
37066,40
37067,17
37069,1
37072,51
37073,40
37074,42
37075,18
37076,41
37078,8
37079,42
37080,43
37082,13
37083,52
37085,35
37086,49
37087,50
37090,30
37091,70
37095,62
37096,70
37097,59
37098,52
37101,53
37110,77
37115,87
37118,20
37122,7
37127,32
37128,17
37129,28
37130,80
37132,1
37134,38
37135,2
37137,52
37138,39
37140,38
37141,21
37142,42
37143,24
37144,30
37145,49
37146,28
37148,45
37149,30
37150,68
37151,12
37153,5
37160,75
37165,60
37166,77
37167,49
37171,71
37172,61
37174,7
37175,56
37178,40
37179,2
37180,33
37181,38
37183,52
37184,46
37185,49
37186,73
37187,45
37188,14
37189,20
37190,55
37191,8
37201,59
37203,81
37204,24
37205,9
37206,80
37207,90
37208,95
37209,76
37210,95
37211,77
37212,52
37213,44
37214,36
37215,7
37216,39
37217,76
37218,73
37219,14
37220,1
37221,15
37228,68
37240,2
37243,
37246,
37301,67
37302,28
37303,70
37305,54
37306,33
37307,47
37308,30
37309,71
37310,43
37311,91
37312,43
37313,64
37315,1
37317,81
37318,83
37321,75
37322,57
37323,55
37324,79
37325,72
37326,84
37327,66
37328,75
37329,56
37330,33
37331,66
37332,31
37333,78
37334,63
37335,61
37336,29
37337,52
37338,64
37339,71
37340,32
37341,19
37342,69
37343,28
37345,33
37347,47
37348,67
37350,1
37351,83
37352,31
37353,47
37354,62
37355,50
37356,82
37357,49
37359,53
37360,10
37361,25
37362,51
37363,17
37365,76
37366,24
37367,69
37369,12
37370,35
37373,38
37374,55
37375,18
37376,44
37377,5
37379,24
37380,75
37381,66
37385,52
37387,55
37388,59
37391,27
37394,65
37396,13
37397,61
37398,48
37402,98
37403,79
37404,88
37405,47
37406,95
37407,100
37408,71
37409,25
37410,99
37411,65
37412,65
37415,45
37416,38
37419,49
37421,39
37601,81
37604,75
37614,2
37615,29
37616,57
37617,27
37618,60
37620,65
37640,57
37641,44
37642,55
37643,69
37645,44
37650,61
37656,43
37657,63
37658,60
37659,21
37660,76
37663,27
37664,51
37665,81
37680,66
37681,41
37682,39
37683,68
37686,25
37687,52
37688,46
37690,27
37691,62
37692,50
37694,65
37701,57
37705,36
37708,60
37709,41
37710,48
37711,64
37713,73
37714,72
37715,66
37716,60
37719,86
37721,30
37722,62
37723,66
37724,69
37725,25
37726,57
37727,66
37729,79
37730,
37731,39
37732,50
37733,26
37737,25
37738,68
37742,19
37743,56
37745,55
37748,60
37752,61
37753,74
37754,41
37755,85
37756,77
37757,54
37760,68
37762,86
37763,24
37764,42
37765,48
37766,82
37769,82
37770,56
37771,75
37772,10
37774,40
37777,42
37779,64
37801,54
37803,23
37804,44
37806,39
37807,70
37809,63
37810,49
37811,49
37813,79
37814,71
37818,55
37819,83
37820,58
37821,82
37825,60
37826,43
37828,17
37829,61
37830,60
37840,59
37841,73
37843,46
37845,68
37846,51
37847,61
37848,45
37849,21
37851,54
37852,55
37853,55
37854,57
37857,74
37860,32
37861,56
37862,78
37863,66
37865,30
37866,55
37869,77
37870,69
37871,22
37872,58
37873,68
37874,72
37876,35
37877,41
37878,25
37879,75
37880,59
37881,51
37882,37
37885,26
37886,48
37887,70
37888,69
37890,58
37891,58
37892,71
37902,73
37909,72
37912,80
37914,76
37915,99
37916,66
37917,86
37918,51
37919,41
37920,67
37921,76
37922,2
37923,34
37924,38
37931,18
37932,25
37934,1
37938,19
38001,75
38002,11
38004,5
38006,71
38007,20
38008,78
38011,25
38012,83
38015,65
38016,30
38017,6
38018,27
38019,75
38021,1
38023,36
38024,77
38028,4
38029,
38030,71
38034,60
38036,100
38037,74
38039,51
38040,87
38041,83
38042,40
38044,10
38046,7
38047,11
38049,57
38050,81
38052,51
38053,54
38054,11
38057,66
38058,55
38059,70
38060,10
38061,54
38063,90
38066,12
38067,47
38068,82
38069,68
38070,29
38075,49
38076,36
38077,25
38079,89
38080,87
38103,53
38104,75
38105,99
38106,98
38107,95
38108,99
38109,90
38111,89
38112,93
38114,97
38115,93
38116,90
38117,12
38118,97
38119,50
38120,16
38122,91
38125,33
38126,98
38127,99
38128,95
38131,
38132,
38133,31
38134,75
38135,9
38138,5
38139,1
38141,73
38152,2
38201,76
38220,48
38221,44
38222,53
38224,44
38225,60
38226,59
38229,48
38230,72
38231,46
38232,58
38233,44
38235,38
38236,41
38237,71
38240,73
38241,24
38242,67
38251,59
38253,41
38254,57
38255,72
38256,35
38257,69
38258,80
38259,76
38260,55
38261,81
38301,90
38305,54
38310,67
38311,4
38313,29
38315,60
38316,52
38317,68
38318,47
38320,66
38321,58
38326,52
38327,71
38328,38
38329,45
38330,60
38332,6
38333,12
38334,50
38337,48
38339,72
38340,62
38341,63
38342,48
38343,72
38344,64
38345,14
38347,72
38348,37
38351,72
38352,36
38355,12
38356,39
38357,51
38358,57
38359,28
38361,31
38362,10
38363,58
38365,
38366,7
38367,50
38368,39
38369,42
38370,65
38371,62
38372,74
38374,59
38375,68
38376,53
38379,74
38380,56
38381,74
38382,71
38387,11
38388,65
38390,26
38391,42
38392,9
38401,49
38425,79
38449,63
38450,64
38451,12
38452,42
38453,22
38454,14
38455,12
38456,68
38457,44
38459,17
38460,44
38461,36
38462,57
38463,60
38464,68
38468,48
38469,48
38471,57
38472,25
38473,48
38474,52
38475,16
38476,23
38477,17
38478,68
38481,45
38482,20
38483,59
38485,61
38486,48
38487,13
38488,33
38501,79
38504,42
38505,2
38506,39
38541,53
38542,
38543,58
38544,44
38545,62
38547,14
38548,39
38549,69
38551,85
38552,11
38553,39
38554,57
38555,71
38556,72
38558,17
38559,41
38560,68
38562,71
38563,57
38564,67
38565,33
38567,9
38568,48
38569,15
38570,62
38571,47
38572,34
38573,22
38574,68
38575,41
38577,43
38578,41
38579,63
38580,44
38581,58
38582,32
38583,52
38585,71
38587,67
38588,53
38589,75
38601,46
38603,34
38606,56
38610,43
38611,41
38614,94
38617,98
38618,67
38619,95
38620,62
38621,97
38622,99
38623,66
38625,12
38626,69
38627,68
38629,36
38630,58
38631,98
38632,16
38633,57
38635,80
38637,77
38639,95
38641,9
38642,44
38643,99
38644,69
38645,84
38646,85
38647,64
38650,78
38651,17
38652,56
38654,18
38655,67
38658,36
38659,62
38661,51
38663,79
38664,78
38665,71
38666,75
38668,59
38670,66
38671,68
38672,4
38673,16
38674,38
38676,94
38677,52
38680,60
38683,72
38685,74
38701,97
38702,11
38703,94
38704,
38720,70
38721,83
38722,86
38723,11
38725,99
38726,91
38730,64
38731,59
38732,90
38736,63
38737,98
38738,77
38740,63
38744,70
38745,78
38746,97
38748,85
38749,77
38751,95
38753,78
38754,90
38756,90
38759,36
38760,97
38761,98
38762,95
38764,49
38765,68
38767,8
38768,37
38769,99
38771,92
38772,11
38773,92
38774,92
38778,98
38781,86
38801,79
38804,76
38821,67
38824,76
38826,46
38827,50
38828,61
38829,71
38833,80
38834,62
38838,84
38841,83
38843,58
38844,42
38846,42
38847,26
38848,46
38849,40
38850,74
38851,77
38852,52
38855,31
38856,48
38857,33
38858,60
38859,35
38860,75
38862,46
38863,76
38864,28
38865,55
38866,37
38868,68
38869,93
38870,39
38871,38
38873,62
38876,51
38878,79
38879,98
38901,82
38913,38
38914,67
38915,71
38916,82
38917,48
38920,81
38921,79
38922,73
38923,20
38924,92
38925,69
38927,65
38928,90
38929,76
38930,94
38940,30
38941,93
38943,40
38944,27
38945,64
38946,90
38947,27
38948,56
38949,17
38950,87
38951,47
38952,77
38953,32
38954,77
38957,89
38958,
38961,83
38962,84
38963,78
38964,24
38965,59
38966,94
38967,84
39038,96
39039,54
39040,78
39041,44
39042,21
39044,23
39045,49
39046,83
39047,6
39051,84
39054,78
39056,49
39057,81
39059,73
39061,
39062,69
39063,95
39066,61
39067,61
39069,94
39071,43
39073,42
39074,84
39078,69
39079,97
39082,24
39083,82
39086,81
39088,32
39090,89
39092,82
39094,69
39095,90
39096,77
39097,88
39108,72
39110,1
39111,72
39113,100
39114,63
39115,11
39116,34
39117,72
39119,56
39120,86
39140,53
39144,67
39145,48
39146,87
39149,71
39150,88
39152,63
39153,53
39154,34
39156,12
39157,45
39159,90
39160,65
39162,40
39166,97
39167,
39168,72
39169,99
39170,42
39174,28
39175,60
39176,62
39177,62
39179,39
39180,76
39183,76
39189,77
39191,53
39192,57
39193,53
39194,96
39201,76
39202,83
39203,98
39204,98
39206,82
39208,67
39209,97
39211,26
39212,81
39213,95
39216,77
39217,2
39218,56
39232,45
39269,
39272,23
39301,86
39305,49
39307,91
39309,
39320,32
39322,33
39323,71
39325,24
39326,69
39327,62
39328,90
39330,17
39332,50
39335,27
39336,44
39337,35
39338,74
39339,77
39341,93
39342,86
39345,81
39346,53
39347,72
39348,44
39350,88
39352,1
39354,68
39355,66
39356,30
39358,85
39359,37
39360,66
39361,63
39362,68
39363,69
39364,59
39365,78
39366,83
39367,74
39401,94
39402,60
39406,1
39421,66
39422,64
39423,63
39425,80
39426,38
39427,63
39428,75
39429,67
39437,69
39439,66
39440,93
39443,51
39451,67
39452,58
39455,78
39456,46
39459,48
39461,17
39462,70
39464,16
39465,47
39466,79
39470,38
39474,81
39475,49
39476,52
39477,74
39478,62
39479,33
39480,18
39481,44
39482,34
39483,62
39501,98
39503,68
39507,81
39520,76
39525,12
39530,96
39531,83
39532,59
39534,1
39540,70
39553,62
39556,68
39560,56
39561,40
39562,51
39563,63
39564,43
39565,41
39567,82
39571,63
39572,37
39573,50
39574,53
39576,80
39577,81
39581,89
39601,72
39629,47
39630,92
39631,79
39633,80
39635,51
39638,81
39641,49
39643,77
39645,67
39647,16
39648,85
39652,61
39653,53
39654,75
39656,48
39657,71
39661,60
39662,61
39663,77
39664,48
39665,55
39666,60
39667,66
39668,51
39669,65
39701,91
39702,77
39705,61
39730,70
39735,62
39736,87
39737,23
39739,89
39740,30
39741,52
39743,58
39744,82
39745,15
39746,29
39747,63
39750,75
39751,54
39752,46
39755,46
39756,78
39759,79
39760,
39762,32
39766,15
39767,55
39769,20
39771,15
39772,80
39773,80
39776,72
39813,90
39815,71
39817,94
39819,81
39823,93
39824,46
39825,73
39826,72
39827,53
39828,86
39834,65
39836,38
39837,87
39840,92
39841,53
39842,95
39845,83
39846,87
39851,91
39854,79
39859,50
39861,96
39862,42
39866,76
39867,57
39870,87
39877,28
39885,69
39886,88
39897,52
40003,17
40004,43
40006,73
40007,41
40008,39
40009,60
40010,62
40011,40
40012,22
40013,9
40014,9
40019,83
40020,14
40022,7
40023,2
40025,2
40026,1
40031,38
40033,84
40036,35
40037,37
40040,68
40041,
40045,48
40046,29
40047,22
40048,
40049,
40050,83
40051,46
40052,28
40055,48
40056,6
40057,50
40058,9
40059,1
40060,58
40062,74
40063,
40065,55
40067,37
40068,25
40069,52
40070,28
40071,30
40075,39
40076,28
40077,17
40078,49
40104,23
40107,34
40108,31
40109,15
40110,78
40111,72
40115,41
40117,62
40118,76
40119,50
40121,37
40140,80
40142,18
40143,54
40144,30
40145,61
40146,77
40150,54
40152,24
40155,94
40157,13
40160,82
40161,37
40162,25
40165,36
40170,51
40171,58
40175,41
40176,65
40177,80
40178,11
40202,98
40203,99
40204,64
40205,14
40206,48
40207,15
40208,95
40209,73
40210,98
40211,98
40212,99
40213,68
40214,86
40215,98
40216,79
40217,47
40218,76
40219,67
40220,34
40222,23
40223,9
40228,14
40229,41
40231,
40241,16
40242,28
40243,29
40245,5
40258,49
40272,53
40280,52
40291,13
40299,13
40310,56
40311,86
40312,88
40313,96
40316,18
40322,65
40324,45
40328,78
40330,61
40334,39
40336,87
40337,60
40339,
40342,52
40346,66
40347,22
40348,73
40350,38
40351,74
40353,73
40356,66
40358,21
40359,67
40360,73
40361,65
40363,
40370,33
40371,72
40372,8
40374,64
40376,11
40379,42
40380,66
40383,43
40385,56
40387,67
40390,66
40391,64
40402,63
40403,65
40404,1
40409,85
40419,69
40422,66
40434,
40437,62
40440,37
40442,73
40444,58
40445,62
40447,82
40448,
40456,73
40460,42
40461,56
40464,8
40468,46
40472,57
40475,69
40481,61
40484,57
40486,43
40489,61
40502,37
40503,33
40504,96
40505,87
40506,2
40507,66
40508,98
40509,32
40510,30
40511,58
40513,3
40514,8
40515,24
40516,40
40517,81
40601,59
40604,
40701,70
40729,59
40734,82
40737,48
40740,79
40741,79
40743,15
40744,68
40759,72
40763,60
40769,86
40771,67
40801,71
40806,80
40807,36
40808,32
40810,75
40813,56
40815,61
40816,33
40818,59
40819,50
40820,80
40823,95
40824,78
40826,67
40827,68
40828,78
40829,72
40830,28
40831,92
40840,62
40843,33
40844,
40845,56
40847,54
40849,47
40854,92
40855,58
40856,42
40858,68
40862,71
40863,75
40865,80
40868,77
40870,67
40873,75
40874,78
40902,87
40903,78
40906,88
40913,77
40914,81
40915,48
40921,66
40923,57
40927,46
40935,81
40939,44
40940,84
40941,79
40943,67
40946,
40949,66
40953,65
40958,67
40962,88
40964,85
40965,90
40972,69
40977,85
40979,19
40982,62
40983,71
40988,87
40995,68
40997,87
41001,13
41002,62
41003,54
41004,51
41005,21
41006,35
41007,20
41008,90
41010,55
41011,86
41014,95
41015,64
41016,62
41017,11
41018,53
41030,51
41031,69
41033,14
41034,18
41035,64
41039,42
41040,75
41041,85
41042,47
41043,31
41044,48
41045,59
41046,49
41048,5
41049,77
41051,12
41052,3
41055,41
41056,73
41059,22
41062,
41063,25
41064,77
41071,87
41073,48
41074,80
41075,22
41076,28
41080,5
41083,71
41085,95
41086,30
41091,2
41092,24
41093,69
41094,34
41095,85
41097,60
41098,82
41099,1
41101,79
41102,60
41121,40
41124,76
41129,49
41132,76
41135,56
41139,55
41141,66
41142,1
41143,57
41144,60
41146,90
41149,73
41159,81
41164,77
41166,20
41168,28
41169,38
41171,70
41174,64
41175,50
41179,72
41180,39
41183,40
41189,77
41201,53
41203,86
41204,80
41214,89
41216,61
41219,71
41222,40
41224,62
41226,42
41230,71
41231,67
41232,71
41234,20
41238,68
41240,83
41250,32
41254,50
41255,73
41256,64
41257,29
41260,84
41262,35
41263,90
41264,73
41265,56
41267,93
41268,53
41271,6
41274,79
41301,92
41311,88
41314,85
41317,66
41332,54
41339,84
41348,92
41352,46
41360,17
41365,81
41366,
41367,86
41385,64
41390,
41397,2
41408,76
41421,77
41425,55
41464,81
41465,86
41472,78
41501,84
41503,50
41512,66
41513,37
41514,87
41517,40
41519,47
41522,65
41524,66
41526,19
41527,15
41528,71
41531,64
41534,46
41535,62
41537,88
41538,1
41539,80
41540,23
41543,17
41544,37
41547,62
41548,63
41553,60
41554,68
41555,81
41557,59
41558,69
41559,80
41560,51
41562,74
41563,77
41564,25
41566,69
41567,80
41568,63
41571,73
41572,55
41601,88
41602,51
41603,72
41604,61
41605,31
41606,76
41607,69
41612,96
41615,55
41616,77
41619,36
41621,2
41622,6
41630,78
41631,53
41632,53
41635,83
41636,92
41640,66
41642,79
41643,81
41645,27
41647,80
41649,85
41650,55
41653,84
41655,64
41659,1
41660,51
41663,69
41666,76
41667,74
41669,96
41701,80
41712,3
41713,
41714,52
41719,76
41721,81
41722,71
41723,82
41725,56
41727,69
41729,
41731,69
41735,86
41739,43
41740,64
41745,60
41746,92
41749,67
41751,48
41754,86
41759,89
41760,
41762,
41763,85
41764,48
41766,57
41772,61
41773,82
41774,64
41775,1
41776,66
41777,66
41804,24
41810,71
41812,60
41815,83
41817,44
41819,46
41821,42
41822,81
41824,88
41825,73
41826,47
41828,67
41831,74
41832,48
41833,83
41834,64
41835,71
41836,56
41837,55
41838,54
41839,64
41840,86
41843,70
41844,89
41845,62
41847,46
41848,
41849,20
41855,39
41858,84
41859,63
41861,36
41862,72
42001,61
42003,65
42020,17
42021,62
42022,1
42023,56
42024,51
42025,37
42027,2
42028,33
42029,18
42031,60
42032,73
42035,29
42036,24
42037,11
42038,59
42039,21
42040,19
42041,81
42044,35
42045,39
42047,72
42048,58
42049,38
42050,84
42051,55
42053,37
42054,7
42055,19
42056,47
42058,16
42060,
42061,20
42064,49
42066,76
42069,26
42071,66
42076,61
42078,54
42079,40
42081,42
42082,11
42083,9
42084,85
42085,56
42086,24
42087,74
42088,24
42101,89
42102,86
42103,39
42104,45
42120,76
42122,7
42123,37
42124,60
42127,78
42129,71
42130,64
42133,63
42134,57
42140,55
42141,79
42151,
42153,69
42154,25
42156,4
42157,63
42159,27
42160,56
42163,59
42164,66
42166,47
42167,75
42170,17
42171,61
42202,62
42204,62
42206,56
42207,36
42210,53
42211,46
42214,44
42215,47
42217,51
42220,64
42223,50
42232,3
42234,95
42236,51
42240,86
42254,83
42256,40
42259,57
42261,74
42262,81
42265,70
42266,29
42273,32
42274,31
42275,64
42276,72
42280,61
42285,37
42286,72
42301,75
42303,62
42320,71
42321,44
42322,11
42323,36
42324,20
42325,39
42326,41
42327,36
42328,59
42330,54
42332,74
42333,51
42337,54
42338,1
42339,22
42343,74
42344,63
42345,53
42347,54
42348,35
42349,56
42350,20
42351,39
42352,62
42354,34
42355,26
42356,28
42361,56
42366,14
42367,34
42368,22
42369,47
42370,1
42371,7
42372,52
42374,29
42376,40
42378,17
42404,76
42406,37
42408,69
42409,54
42410,95
42411,45
42413,30
42420,78
42431,70
42436,15
42437,67
42440,75
42441,33
42442,54
42445,56
42450,76
42451,60
42452,11
42453,53
42455,67
42456,36
42458,30
42459,45
42461,73
42462,13
42463,14
42464,26
42501,85
42503,62
42516,52
42518,72
42519,76
42528,71
42533,61
42539,69
42541,49
42544,63
42553,66
42565,84
42566,55
42567,64
42602,80
42603,24
42629,75
42631,43
42633,77
42634,75
42635,86
42638,
42642,68
42647,75
42649,75
42653,77
42701,54
42712,76
42713,69
42715,48
42716,56
42717,71
42718,68
42721,62
42722,53
42724,30
42726,58
42728,71
42729,72
42731,23
42732,78
42733,60
42740,36
42741,34
42743,67
42746,62
42748,53
42749,78
42753,52
42754,74
42757,47
42758,43
42762,54
42764,52
42765,70
42776,56
42782,53
42784,47
42788,6
43001,4
43002,5
43003,38
43004,26
43005,1
43006,34
43008,80
43009,19
43010,30
43011,8
43013,19
43014,60
43015,29
43016,21
43017,14
43019,39
43021,1
43022,22
43023,3
43025,30
43026,22
43028,32
43029,17
43030,11
43031,15
43032,24
43033,30
43035,5
43036,74
43037,56
43040,24
43044,29
43045,4
43046,21
43050,58
43054,7
43055,70
43056,36
43060,29
43061,2
43062,16
43064,10
43065,1
43066,1
43067,28
43068,49
43070,17
43071,20
43072,22
43074,16
43076,18
43077,14
43078,56
43080,47
43081,24
43082,2
43084,18
43085,20
43101,66
43102,18
43103,20
43105,25
43106,49
43107,42
43109,29
43110,36
43111,21
43112,11
43113,59
43115,66
43116,8
43117,80
43119,34
43123,27
43125,29
43126,44
43127,25
43128,78
43130,58
43135,52
43136,14
43137,61
43138,63
43140,49
43142,83
43143,50
43144,54
43145,38
43146,25
43147,5
43148,48
43149,23
43150,44
43151,64
43152,64
43153,58
43154,22
43155,8
43156,44
43157,67
43158,7
43160,72
43162,29
43164,56
43201,84
43202,67
43203,98
43204,89
43205,92
43206,86
43207,87
43209,49
43210,77
43211,99
43212,32
43213,89
43214,28
43215,56
43217,76
43219,95
43220,23
43221,9
43222,99
43223,97
43224,96
43227,93
43228,87
43229,88
43230,21
43231,72
43232,89
43235,26
43240,29
43302,73
43310,15
43311,52
43314,17
43315,51
43316,29
43317,54
43318,36
43319,3
43320,18
43321,55
43322,35
43323,1
43324,14
43326,57
43330,44
43331,50
43332,37
43333,52
43334,22
43336,
43337,9
43338,23
43340,51
43341,16
43342,9
43343,33
43344,20
43345,24
43347,36
43348,80
43351,32
43356,10
43357,12
43358,15
43359,26
43360,8
43402,62
43403,19
43406,51
43407,5
43408,38
43410,31
43412,18
43413,22
43416,45
43420,59
43430,12
43431,30
43432,6
43433,7
43434,55
43435,14
43437,62
43438,4
43439,7
43440,12
43442,62
43443,5
43445,2
43446,1
43447,24
43449,41
43450,22
43451,10
43452,42
43456,18
43457,39
43458,20
43460,16
43462,55
43463,11
43464,25
43465,36
43466,17
43467,49
43468,36
43469,18
43501,61
43502,19
43504,4
43505,32
43506,31
43511,24
43512,42
43515,19
43516,46
43517,22
43518,14
43519,43
43521,36
43522,15
43523,
43524,16
43525,3
43526,23
43527,16
43528,27
43529,51
43531,56
43532,15
43533,18
43534,21
43535,1
43536,9
43537,15
43540,29
43541,33
43542,1
43543,45
43545,31
43547,1
43548,5
43549,22
43551,16
43553,58
43554,41
43555,15
43556,32
43557,28
43558,16
43560,11
43565,19
43566,1
43567,36
43569,39
43570,37
43571,5
43604,99
43605,97
43606,79
43607,95
43608,98
43609,95
43610,93
43611,73
43612,78
43613,57
43614,67
43615,77
43616,40
43617,6
43619,13
43620,96
43623,59
43701,72
43711,56
43713,36
43716,66
43717,9
43718,8
43719,23
43720,29
43721,
43722,21
43723,80
43724,56
43725,77
43727,11
43728,69
43730,48
43731,62
43732,37
43733,1
43734,49
43735,54
43736,65
43738,23
43739,4
43740,41
43746,9
43747,62
43748,67
43749,39
43750,36
43754,41
43755,60
43756,59
43758,45
43759,9
43760,50
43761,
43762,30
43764,85
43766,61
43767,5
43768,64
43771,46
43772,34
43773,53
43777,77
43778,48
43779,28
43780,14
43782,58
43783,33
43786,21
43787,67
43788,50
43793,68
43802,47
43804,60
43805,70
43811,46
43812,63
43821,19
43822,52
43824,46
43830,24
43832,60
43836,3
43837,48
43840,23
43842,69
43843,49
43844,29
43845,52
43901,38
43902,9
43903,54
43905,39
43906,72
43907,43
43908,62
43910,9
43912,58
43913,71
43914,46
43915,17
43917,19
43920,75
43925,54
43926,58
43927,35
43928,1
43930,29
43931,37
43932,45
43933,23
43934,42
43935,61
43938,39
43939,27
43940,30
43942,43
43943,42
43944,2
43945,67
43946,48
43947,19
43948,59
43950,24
43951,1
43952,83
43953,48
43961,72
43962,4
43963,77
43964,53
43967,
43968,80
43970,1
43971,69
43972,1
43973,55
43974,26
43976,51
43977,33
43983,25
43985,56
43986,65
43988,65
44001,19
44003,65
44004,82
44010,80
44011,5
44012,7
44017,40
44021,43
44022,2
44023,1
44024,13
44026,3
44028,10
44030,60
44032,51
44035,77
44039,11
44040,1
44041,64
44044,16
44045,24
44046,64
44047,46
44048,18
44049,15
44050,6
44052,92
44053,61
44054,25
44055,96
44056,2
44057,36
44060,12
44062,55
44064,5
44065,7
44067,8
44070,35
44072,5
44074,57
44076,65
44077,47
44080,34
44081,15
44082,79
44084,48
44085,43
44086,16
44087,19
44089,18
44090,28
44092,34
44093,31
44094,27
44095,35
44099,51
44101,
44102,98
44103,99
44104,98
44105,94
44106,93
44107,59
44108,94
44109,94
44110,97
44111,87
44112,95
44113,93
44114,90
44115,99
44116,14
44117,84
44118,57
44119,83
44120,85
44121,64
44122,35
44123,81
44124,26
44125,67
44126,24
44127,99
44128,85
44129,45
44130,41
44131,4
44132,83
44133,15
44134,34
44135,87
44136,19
44137,77
44138,8
44139,7
44140,1
44141,6
44142,51
44143,35
44144,75
44145,12
44146,68
44147,3
44149,2
44201,21
44202,7
44203,61
44212,15
44214,14
44215,25
44216,3
44217,14
44221,41
44223,18
44224,24
44230,15
44231,35
44233,2
44234,14
44235,47
44236,1
44240,70
44241,27
44243,2
44250,66
44251,12
44253,6
44254,55
44255,47
44256,13
44260,15
44262,22
44264,2
44265,
44266,46
44270,55
44272,31
44273,10
44274,20
44275,12
44276,6
44278,15
44280,2
44281,10
44285,1
44286,2
44287,29
44288,71
44301,78
44302,86
44303,45
44304,91
44305,87
44306,94
44307,94
44308,84
44310,94
44311,98
44312,43
44313,42
44314,83
44319,22
44320,83
44321,6
44333,8
44401,13
44402,17
44403,30
44404,12
44405,87
44406,3
44408,30
44410,19
44411,20
44412,14
44413,39
44417,43
44418,10
44420,56
44423,36
44425,36
44427,30
44428,33
44429,41
44430,74
44431,37
44432,57
44436,20
44437,23
44438,64
44439,79
44440,36
44441,13
44442,22
44443,17
44444,46
44445,29
44446,69
44449,21
44450,40
44451,15
44452,30
44454,32
44455,30
44460,56
44470,17
44471,58
44473,23
44481,35
44483,76
44484,56
44485,92
44490,79
44491,55
44493,8
44502,89
44503,83
44504,74
44505,93
44506,91
44507,98
44509,91
44510,98
44511,66
44512,42
44514,10
44515,52
44601,72
44606,62
44607,7
44608,42
44609,22
44610,33
44611,37
44612,15
44613,56
44614,9
44615,37
44618,47
44620,13
44621,65
44622,35
44624,40
44625,12
44626,15
44627,39
44628,20
44629,26
44632,12
44633,43
44634,16
44637,67
44638,58
44640,30
44641,25
44643,44
44644,46
44645,10
44646,43
44647,50
44651,27
44652,
44653,61
44654,50
44656,53
44657,41
44659,46
44661,47
44662,35
44663,60
44666,5
44667,51
44669,33
44670,1
44671,33
44672,79
44675,19
44676,51
44677,54
44678,30
44680,38
44681,41
44682,38
44683,81
44685,13
44687,
44688,53
44689,36
44690,18
44691,45
44693,1
44695,57
44697,1
44699,27
44702,87
44703,94
44704,95
44705,91
44706,53
44707,94
44708,50
44709,62
44710,75
44714,67
44718,25
44720,18
44721,4
44730,19
44802,9
44804,8
44805,55
44807,12
44809,41
44811,29
44813,39
44814,14
44815,26
44816,
44817,10
44818,20
44820,47
44822,36
44824,8
44825,4
44826,7
44827,53
44828,89
44830,68
44833,63
44836,28
44837,42
44838,28
44839,30
44840,12
44841,4
44842,57
44843,17
44844,3
44846,12
44847,10
44849,23
44850,2
44851,54
44853,6
44854,20
44855,55
44856,35
44857,58
44859,9
44861,31
44864,31
44865,73
44866,61
44867,24
44870,69
44874,60
44875,50
44878,38
44880,54
44881,33
44882,23
44883,44
44887,38
44889,11
44890,62
44901,
44902,97
44903,60
44904,25
44905,66
44906,58
44907,77
45001,74
45002,36
45003,68
45005,38
45011,53
45013,38
45014,45
45015,80
45030,20
45032,47
45033,61
45034,20
45036,30
45039,2
45040,4
45041,
45042,54
45044,75
45050,11
45051,33
45052,16
45053,4
45054,2
45056,63
45062,53
45064,19
45065,26
45066,1
45067,35
45068,6
45069,7
45070,55
45101,77
45102,34
45103,41
45106,52
45107,56
45111,20
45112,32
45113,29
45115,27
45118,25
45120,58
45121,75
45122,34
45123,81
45130,30
45131,77
45132,77
45133,77
45135,38
45140,7
45142,39
45144,73
45145,
45146,59
45147,10
45148,58
45150,22
45152,13
45153,52
45154,46
45155,41
45156,31
45157,43
45158,68
45159,43
45160,91
45162,9
45164,73
45166,23
45167,68
45168,70
45169,66
45171,48
45172,27
45174,1
45176,46
45177,61
45202,80
45203,94
45204,99
45205,99
45206,90
45207,92
45208,11
45209,34
45211,84
45212,81
45213,42
45214,99
45215,74
45216,95
45217,74
45218,40
45219,92
45220,80
45223,92
45224,72
45225,100
45226,49
45227,59
45229,99
45230,31
45231,58
45232,98
45233,10
45236,37
45237,89
45238,66
45239,67
45240,65
45241,19
45242,6
45243,4
45244,20
45245,37
45246,77
45247,16
45248,12
45249,21
45251,31
45252,1
45255,19
45301,1
45302,2
45303,42
45304,9
45305,2
45306,6
45307,51
45308,29
45309,20
45310,1
45311,32
45312,16
45314,22
45315,27
45316,19
45317,25
45318,32
45319,30
45320,38
45321,27
45322,20
45323,10
45324,78
45325,6
45326,36
45327,27
45328,62
45330,35
45331,53
45332,22
45333,51
45334,31
45335,28
45336,2
45337,11
45338,11
45339,31
45340,5
45341,60
45342,48
45344,45
45345,59
45346,16
45347,37
45348,10
45349,27
45350,3
45351,11
45352,56
45353,59
45354,37
45356,60
45358,27
45359,8
45360,35
45361,43
45362,16
45363,6
45365,60
45368,44
45369,21
45370,10
45371,6
45372,58
45373,42
45377,35
45378,28
45380,11
45381,26
45382,59
45383,27
45384,12
45385,57
45387,33
45388,4
45389,48
45390,78
45402,95
45403,97
45404,98
45405,94
45406,91
45409,56
45410,95
45414,82
45415,46
45416,74
45417,95
45418,55
45419,21
45420,68
45424,41
45426,85
45428,52
45429,26
45430,5
45431,48
45432,31
45433,36
45434,1
45439,72
45440,32
45449,69
45458,11
45459,17
45502,6
45503,64
45504,53
45505,96
45506,87
45601,65
45612,75
45613,60
45614,66
45616,76
45617,59
45618,30
45619,44
45620,53
45621,79
45622,60
45623,43
45624,
45628,43
45629,46
45630,12
45631,60
45634,73
45636,8
45638,72
45640,70
45642,
45644,33
45645,26
45646,11
45647,39
45648,71
45650,47
45651,72
45652,43
45653,37
45654,25
45656,71
45657,40
45658,66
45659,66
45660,80
45661,87
45662,92
45663,67
45669,38
45671,39
45672,37
45673,50
45674,64
45678,28
45679,71
45680,73
45681,50
45682,72
45684,34
45685,57
45686,71
45688,58
45690,64
45692,77
45693,75
45694,43
45695,71
45696,38
45697,37
45698,76
45701,74
45710,41
45711,32
45714,41
45715,68
45716,56
45719,86
45721,
45723,27
45724,38
45727,24
45729,6
45732,78
45734,44
45735,13
45740,68
45741,74
45742,27
45743,30
45744,30
45745,35
45746,31
45750,63
45760,81
45761,66
45764,83
45766,54
45767,57
45768,28
45769,70
45770,59
45771,54
45772,44
45773,4
45775,33
45776,48
45778,73
45779,41
45780,89
45782,78
45784,24
45786,15
45787,24
45788,13
45789,1
45801,78
45804,92
45805,52
45806,27
45807,14
45808,73
45809,3
45810,46
45812,67
45813,20
45814,33
45816,34
45817,2
45819,46
45820,51
45821,9
45822,31
45826,8
45827,6
45828,4
45830,16
45831,41
45832,12
45833,22
45835,6
45836,39
45838,68
45840,45
45841,14
45843,19
45844,2
45845,1
45846,12
45849,13
45850,15
45851,44
45853,14
45854,28
45855,31
45856,40
45858,18
45859,71
45860,12
45861,76
45862,24
45863,11
45864,5
45865,4
45866,13
45867,2
45868,6
45869,1
45870,17
45871,21
45872,54
45873,40
45874,14
45875,20
45876,2
45877,9
45879,45
45880,29
45881,28
45882,24
45883,19
45884,30
45885,32
45886,29
45887,54
45888,33
45889,6
45890,3
45891,52
45894,8
45895,32
45896,33
45897,
45898,55
45899,6
46001,50
46011,37
46012,60
46013,62
46016,97
46017,41
46030,25
46031,12
46032,13
46033,1
46034,15
46035,33
46036,56
46037,1
46038,14
46039,7
46040,6
46041,67
46044,23
46045,47
46047,91
46048,52
46049,14
46050,44
46051,40
46052,34
46055,1
46056,8
46057,45
46058,16
46060,25
46062,6
46063,47
46064,22
46065,13
46068,10
46069,28
46070,41
46071,9
46072,27
46074,12
46075,5
46076,43
46077,2
46103,66
46104,40
46105,26
46106,6
46107,62
46110,43
46111,48
46112,7
46113,28
46115,56
46117,38
46118,19
46120,45
46121,30
46122,18
46123,10
46124,56
46125,18
46126,20
46127,5
46128,6
46130,18
46131,44
46133,20
46135,52
46140,27
46142,14
46143,30
46144,9
46146,26
46147,24
46148,40
46149,17
46150,41
46151,48
46155,9
46156,38
46157,11
46158,38
46160,30
46161,22
46162,3
46163,6
46164,16
46165,12
46166,63
46167,3
46168,28
46171,35
46172,38
46173,55
46175,58
46176,61
46180,21
46181,16
46182,15
46183,
46184,11
46186,3
46201,96
46202,81
46203,90
46204,77
46205,78
46208,91
46214,67
46216,59
46217,45
46218,97
46219,84
46220,24
46221,71
46222,97
46224,96
46225,90
46226,93
46227,78
46228,48
46229,71
46231,35
46234,17
46235,94
46236,14
46237,29
46239,15
46240,40
46241,93
46250,32
46254,86
46256,16
46259,1
46260,70
46268,66
46278,5
46280,25
46290,4
46301,10
46303,34
46304,27
46307,14
46310,26
46311,5
46312,98
46319,34
46320,98
46321,6
46322,23
46323,74
46324,82
46327,92
46340,20
46341,18
46342,46
46345,55
46346,78
46347,3
46348,35
46349,36
46350,56
46356,12
46360,77
46365,7
46366,40
46368,58
46371,31
46373,3
46374,21
46375,13
46376,60
46377,35
46379,11
46381,53
46382,5
46383,44
46385,14
46390,19
46391,31
46392,22
46393,54
46394,72
46402,95
46403,84
46404,93
46405,87
46406,94
46407,97
46408,87
46409,89
46410,71
46501,54
46502,1
46504,26
46506,53
46507,35
46508,28
46510,30
46511,45
46514,55
46516,87
46517,78
46524,40
46526,58
46528,54
46530,2
46531,10
46532,25
46534,59
46536,29
46537,24
46538,15
46539,30
46540,28
46542,44
46543,34
46544,59
46545,74
46550,49
46552,36
46553,24
46554,21
46555,21
46556,69
46561,18
46562,46
46563,59
46565,37
46567,39
46570,17
46571,37
46573,26
46574,25
46580,54
46582,41
46590,25
46595,32
46601,97
46613,90
46614,40
46615,79
46616,85
46617,39
46619,89
46628,79
46635,44
46637,43
46701,18
46702,16
46703,29
46704,15
46705,37
46706,36
46710,16
46711,79
46714,41
46721,45
46723,24
46725,26
46730,11
46731,12
46732,59
46733,29
46737,20
46738,50
46740,69
46741,45
46742,30
46743,44
46745,10
46746,59
46747,18
46748,11
46750,41
46755,48
46759,7
46760,26
46761,41
46763,34
46764,5
46765,4
46766,3
46767,53
46770,28
46771,23
46772,66
46773,7
46774,28
46776,59
46777,11
46779,11
46781,11
46783,4
46784,54
46785,31
46786,10
46787,38
46788,46
46791,20
46792,13
46793,24
46794,31
46795,29
46797,17
46798,15
46799,35
46802,94
46803,99
46804,12
46805,74
46806,95
46807,77
46808,76
46809,64
46814,4
46815,38
46816,92
46818,26
46819,38
46825,44
46835,23
46845,1
46901,69
46902,53
46910,50
46911,12
46913,3
46914,24
46915,24
46917,36
46919,27
46920,5
46922,1
46923,41
46926,11
46928,49
46929,62
46930,47
46931,65
46932,16
46933,70
46936,16
46938,27
46939,35
46940,21
46941,37
46943,63
46946,18
46947,69
46950,17
46951,33
46952,64
46953,83
46957,66
46958,8
46959,40
46960,45
46961,3
46962,54
46967,74
46968,5
46970,69
46974,41
46975,39
46978,26
46979,5
46982,60
46984,27
46985,9
46986,28
46987,7
46988,55
46989,19
46990,1
46991,50
46992,40
46994,18
46996,52
46998,21
47001,46
47003,62
47006,32
47010,52
47011,40
47012,21
47016,13
47017,24
47018,55
47020,61
47022,12
47023,25
47024,76
47025,29
47030,23
47031,43
47032,25
47034,36
47035,44
47036,21
47037,62
47038,79
47040,30
47041,31
47042,54
47043,64
47060,11
47102,61
47104,
47106,28
47108,43
47110,37
47111,43
47112,46
47114,48
47115,35
47116,42
47117,36
47118,66
47119,1
47120,34
47122,3
47123,51
47124,5
47125,46
47126,12
47129,70
47130,49
47135,22
47136,5
47137,50
47138,33
47140,61
47141,19
47142,17
47143,6
47145,27
47147,22
47150,64
47160,6
47161,35
47162,7
47163,28
47164,51
47165,28
47166,56
47167,59
47170,53
47172,14
47175,59
47177,49
47201,51
47203,38
47220,44
47223,20
47224,45
47226,14
47227,21
47229,30
47230,13
47231,31
47232,61
47234,5
47235,41
47240,35
47243,41
47244,36
47246,26
47247,23
47250,58
47260,62
47263,58
47264,35
47265,44
47270,36
47272,65
47273,11
47274,58
47280,37
47281,18
47282,40
47283,47
47302,84
47303,84
47304,49
47305,93
47306,54
47320,27
47324,55
47325,17
47326,57
47327,61
47330,35
47331,73
47334,29
47335,55
47336,44
47337,45
47338,26
47339,34
47340,33
47341,37
47342,40
47344,16
47345,48
47346,30
47348,47
47351,58
47352,14
47353,32
47354,37
47355,54
47356,29
47357,29
47358,17
47359,58
47360,33
47361,62
47362,64
47367,48
47368,19
47369,45
47371,57
47373,63
47374,75
47380,42
47381,66
47382,77
47383,24
47384,35
47385,22
47386,4
47387,47
47388,49
47390,71
47393,62
47394,47
47396,27
47401,61
47403,59
47404,82
47405,2
47406,2
47408,75
47420,78
47421,47
47424,42
47427,6
47429,22
47431,42
47432,49
47433,23
47434,
47436,36
47437,22
47438,48
47441,57
47443,67
47446,43
47448,26
47449,44
47451,58
47452,50
47453,6
47454,60
47455,1
47456,49
47457,1
47458,1
47459,43
47460,46
47462,24
47464,82
47465,70
47467,1
47468,10
47469,46
47470,40
47471,51
47501,67
47512,75
47513,38
47514,39
47515,11
47516,10
47519,4
47520,59
47521,11
47522,58
47523,43
47524,46
47525,5
47527,13
47528,53
47529,46
47531,12
47532,15
47535,26
47536,
47537,23
47541,28
47542,45
47546,28
47550,4
47551,13
47552,1
47553,45
47557,29
47558,52
47561,23
47562,45
47564,16
47567,33
47568,46
47574,1
47575,1
47576,31
47577,14
47578,7
47579,6
47580,18
47581,43
47584,30
47585,47
47586,40
47588,24
47590,27
47591,67
47596,55
47597,36
47598,47
47601,30
47610,55
47611,17
47612,52
47613,4
47615,36
47616,40
47619,19
47620,34
47630,10
47631,11
47633,20
47634,18
47635,44
47637,28
47638,4
47639,3
47640,23
47648,20
47649,36
47654,18
47660,33
47665,32
47666,58
47670,50
47683,11
47708,79
47710,89
47711,46
47712,53
47713,93
47714,83
47715,49
47720,21
47725,2
47802,70
47803,46
47804,92
47805,34
47807,99
47809,2
47832,10
47833,21
47834,45
47836,
47837,68
47838,56
47840,6
47841,36
47842,62
47846,1
47847,25
47848,13
47849,28
47850,23
47853,15
47854,14
47855,65
47857,25
47858,35
47859,48
47860,49
47861,26
47862,54
47863,13
47865,1
47866,22
47868,54
47869,18
47871,45
47872,58
47874,34
47876,44
47879,55
47880,5
47881,50
47882,57
47884,57
47885,55
47901,85
47904,87
47905,59
47906,62
47907,
47909,40
47916,91
47917,20
47918,36
47920,1
47921,72
47922,69
47923,7
47924,1
47925,9
47926,8
47928,60
47929,12
47930,25
47932,36
47933,53
47940,6
47941,41
47942,22
47943,55
47944,41
47946,31
47948,69
47949,22
47950,20
47951,74
47952,51
47954,20
47955,41
47957,66
47958,27
47959,73
47960,32
47963,38
47964,65
47965,16
47966,21
47967,11
47968,11
47969,45
47970,35
47971,26
47974,33
47975,3
47977,35
47978,36
47980,5
47981,5
47982,14
47983,18
47987,33
47989,42
47990,10
47991,53
47992,9
47993,41
47994,42
47995,18
47997,52
48001,29
48002,24
48003,21
48005,9
48006,25
48009,10
48014,34
48015,70
48017,21
48021,74
48022,16
48023,19
48025,1
48026,34
48027,12
48028,29
48030,85
48032,9
48033,75
48034,67
48035,69
48036,66
48038,39
48039,32
48040,25
48041,22
48042,4
48043,84
48044,8
48045,43
48047,17
48048,49
48049,5
48050,8
48051,34
48054,21
48059,48
48060,84
48062,38
48063,15
48064,19
48065,24
48066,74
48067,12
48069,1
48070,1
48071,62
48072,6
48073,19
48074,46
48075,50
48076,38
48079,15
48080,33
48081,21
48082,20
48083,36
48084,25
48085,1
48088,32
48089,92
48091,88
48092,50
48093,42
48094,11
48095,7
48096,17
48097,49
48098,2
48101,17
48103,20
48104,62
48105,52
48108,45
48109,76
48111,40
48114,4
48116,10
48117,22
48118,8
48120,97
48122,95
48124,30
48125,63
48126,92
48127,66
48128,31
48130,2
48131,20
48133,41
48134,32
48135,40
48137,4
48138,1
48139,1
48140,6
48141,97
48143,
48144,12
48145,9
48146,78
48150,7
48152,17
48154,6
48157,76
48158,7
48159,14
48160,14
48161,68
48162,52
48164,8
48165,20
48166,47
48167,14
48168,1
48169,5
48170,12
48173,21
48174,70
48176,5
48177,15
48178,4
48179,30
48180,73
48182,11
48183,29
48184,82
48185,63
48186,62
48187,21
48188,9
48189,16
48190,2
48191,8
48192,54
48193,54
48195,48
48197,66
48198,78
48201,99
48202,95
48203,95
48204,96
48205,89
48206,94
48207,95
48208,98
48209,99
48210,98
48211,100
48212,95
48213,97
48214,96
48215,98
48216,96
48217,92
48218,94
48219,91
48220,35
48221,79
48223,90
48224,94
48225,83
48226,61
48227,95
48228,98
48229,93
48230,8
48233,
48234,95
48235,90
48236,4
48237,65
48238,94
48239,64
48240,56
48242,
48243,
48301,3
48302,4
48304,3
48306,1
48307,19
48309,9
48310,54
48312,37
48313,34
48314,36
48315,11
48316,13
48317,45
48320,37
48322,19
48323,7
48324,2
48326,57
48327,38
48328,60
48329,13
48331,5
48334,33
48335,32
48336,32
48340,98
48341,92
48342,97
48346,29
48348,5
48350,16
48353,16
48356,5
48357,10
48359,23
48360,1
48362,12
48363,10
48367,21
48370,10
48371,8
48374,6
48375,10
48377,25
48380,2
48381,15
48382,2
48383,19
48386,10
48390,24
48393,47
48397,
48401,42
48411,1
48412,7
48413,54
48414,15
48415,18
48416,59
48417,26
48418,5
48419,30
48420,42
48421,21
48422,52
48423,44
48426,44
48427,51
48428,16
48429,46
48430,16
48432,20
48433,20
48434,24
48435,43
48436,17
48437,64
48438,6
48439,18
48440,41
48441,43
48442,37
48444,69
48445,46
48446,40
48449,31
48450,43
48451,10
48453,76
48454,37
48455,4
48456,17
48457,45
48458,85
48460,16
48461,31
48462,9
48463,30
48464,29
48465,50
48466,34
48467,29
48468,36
48469,33
48470,35
48471,60
48472,47
48473,14
48475,31
48476,9
48502,96
48503,90
48504,89
48505,93
48506,85
48507,87
48509,37
48519,55
48529,93
48532,78
48551,
48553,
48554,
48601,92
48602,88
48603,43
48604,59
48607,91
48609,16
48610,46
48611,16
48612,53
48613,60
48614,66
48615,34
48616,37
48617,63
48618,44
48619,24
48621,45
48622,41
48623,7
48624,60
48625,69
48626,6
48627,39
48628,23
48629,62
48630,
48631,8
48632,62
48633,35
48634,20
48635,49
48636,34
48637,35
48638,39
48640,37
48642,26
48647,72
48649,29
48650,36
48651,58
48652,23
48653,37
48654,58
48655,33
48656,60
48657,33
48658,61
48659,53
48661,52
48662,44
48667,
48701,46
48703,46
48705,47
48706,55
48708,74
48710,
48720,50
48721,36
48722,29
48723,56
48724,48
48725,32
48726,44
48727,56
48728,32
48729,39
48730,48
48731,42
48732,68
48733,24
48734,7
48735,47
48737,56
48738,31
48739,41
48740,48
48741,44
48742,28
48743,54
48744,46
48745,41
48746,31
48747,8
48748,53
48749,35
48750,62
48754,30
48755,28
48756,77
48757,24
48759,27
48760,29
48761,44
48762,34
48763,31
48765,48
48766,48
48767,17
48768,56
48770,59
48801,67
48806,40
48807,27
48808,17
48809,57
48811,53
48813,39
48815,24
48816,41
48817,45
48818,56
48819,13
48820,6
48821,6
48822,2
48823,70
48825,2
48827,18
48829,69
48831,43
48832,28
48834,44
48835,8
48836,25
48837,18
48838,51
48840,38
48841,13
48842,43
48843,13
48845,63
48846,65
48847,43
48848,9
48849,23
48850,59
48851,32
48852,86
48853,31
48854,19
48855,9
48856,54
48857,17
48858,80
48860,48
48861,16
48864,29
48865,79
48866,17
48867,53
48870,51
48871,32
48872,16
48873,12
48874,21
48875,16
48876,27
48877,53
48878,53
48879,21
48880,54
48881,16
48883,28
48884,53
48885,21
48886,51
48888,36
48889,41
48890,18
48891,30
48892,30
48893,27
48894,7
48895,2
48896,62
48897,20
48906,76
48910,76
48911,85
48912,84
48915,91
48917,45
48921,
48933,92
49001,80
49002,31
49004,46
49006,80
49007,95
49008,61
49009,39
49010,31
49011,28
49012,28
49013,74
49014,60
49015,55
49017,49
49021,25
49022,94
49024,30
49026,31
49027,75
49028,52
49029,20
49030,51
49031,64
49032,35
49033,4
49034,17
49036,52
49037,89
49038,56
49040,49
49042,57
49043,86
49045,63
49046,24
49047,73
49048,76
49050,8
49051,24
49052,54
49053,22
49055,35
49056,58
49057,84
49058,23
49060,1
49061,24
49064,59
49065,24
49066,24
49067,35
49068,33
49070,29
49071,13
49072,22
49073,49
49074,48
49075,40
49076,39
49078,39
49079,39
49080,29
49082,39
49083,2
49084,79
49085,10
49087,1
49088,3
49089,57
49090,50
49091,71
49092,50
49093,54
49094,52
49095,28
49096,52
49097,8
49098,75
49099,56
49101,22
49102,57
49103,64
49104,2
49106,23
49107,39
49111,31
49112,27
49113,30
49115,2
49116,6
49117,33
49119,28
49120,56
49125,12
49126,62
49127,13
49128,40
49129,10
49130,7
49201,54
49202,82
49203,71
49220,35
49221,66
49224,72
49227,38
49228,30
49229,8
49230,23
49232,72
49233,6
49234,3
49235,26
49236,5
49237,25
49238,26
49240,3
49241,32
49242,71
49245,51
49246,5
49247,36
49248,30
49249,28
49250,58
49251,28
49252,61
49253,12
49254,30
49255,79
49256,57
49259,42
49261,81
49262,60
49263,12
49264,29
49265,20
49266,23
49267,10
49268,33
49269,25
49270,15
49271,42
49272,18
49274,55
49276,16
49277,20
49279,41
49282,10
49283,16
49284,50
49285,22
49286,18
49287,11
49288,70
49289,29
49301,1
49302,3
49303,37
49304,74
49305,50
49306,11
49307,76
49309,66
49310,60
49312,60
49315,4
49316,5
49318,13
49319,20
49320,1
49321,48
49322,66
49323,5
49325,28
49326,32
49327,44
49328,20
49329,25
49330,46
49331,16
49332,31
49333,16
49335,1
49336,50
49337,54
49338,44
49339,31
49340,61
49341,5
49342,47
49343,37
49344,36
49345,32
49346,22
49347,26
49348,28
49349,55
49401,62
49402,38
49403,3
49404,25
49405,32
49406,19
49408,45
49410,55
49411,25
49412,44
49415,7
49417,18
49418,17
49419,11
49420,64
49421,62
49423,46
49424,40
49425,56
49426,3
49428,10
49431,42
49434,
49435,7
49436,38
49437,29
49440,86
49441,50
49442,82
49444,83
49445,10
49446,33
49448,20
49449,25
49450,93
49451,26
49452,50
49453,34
49454,58
49455,61
49456,12
49457,23
49458,46
49459,76
49460,21
49461,22
49464,10
49503,91
49504,71
49505,56
49506,24
49507,95
49508,63
49509,78
49512,50
49519,60
49525,19
49534,22
49544,42
49546,42
49548,68
49601,50
49611,28
49612,25
49613,26
49614,35
49615,19
49616,35
49617,8
49618,29
49619,38
49620,25
49621,9
49622,24
49623,44
49625,31
49626,44
49627,44
49628,23
49629,28
49630,5
49631,65
49632,53
49633,43
49634,1
49635,27
49636,25
49637,41
49638,40
49639,57
49640,23
49642,86
49643,11
49644,42
49645,56
49646,61
49648,20
49649,26
49650,17
49651,52
49653,2
49654,19
49655,52
49656,54
49657,42
49659,52
49660,33
49663,61
49664,6
49665,64
49666,11
49667,58
49668,62
49670,14
49674,6
49675,5
49676,36
49677,63
49679,44
49680,56
49682,19
49683,47
49684,33
49686,26
49688,37
49689,43
49690,5
49701,64
49705,73
49706,42
49707,50
49709,55
49710,25
49712,14
49713,20
49715,39
49716,21
49717,13
49718,55
49719,29
49720,32
49721,45
49722,56
49724,26
49725,20
49726,19
49727,37
49728,43
49729,7
49730,31
49733,52
49735,49
49736,32
49738,54
49740,8
49743,37
49744,19
49745,48
49746,46
49747,40
49748,30
49749,31
49751,25
49752,64
49753,17
49755,36
49756,48
49757,89
49759,30
49760,52
49762,35
49764,80
49765,54
49766,38
49768,38
49769,36
49770,35
49774,24
49775,36
49776,28
49777,6
49779,46
49780,24
49781,61
49782,17
49783,71
49788,97
49791,35
49793,32
49795,56
49796,12
49799,46
49801,34
49802,61
49805,31
49806,31
49807,18
49808,10
49812,17
49814,28
49815,37
49816,13
49817,20
49818,7
49819,8
49820,42
49821,9
49822,15
49825,19
49826,27
49827,65
49829,62
49831,8
49833,9
49834,12
49835,37
49836,54
49837,24
49838,68
49839,55
49840,26
49841,60
49847,40
49848,26
49849,31
49852,52
49853,39
49854,49
49855,54
49858,47
49861,18
49862,39
49863,79
49864,80
49866,20
49868,56
49870,25
49871,53
49872,48
49873,1
49874,64
49876,15
49877,32
49878,28
49879,37
49880,17
49881,42
49883,40
49884,47
49885,23
49886,33
49887,43
49891,34
49892,11
49893,15
49894,9
49895,24
49896,64
49901,21
49902,32
49903,42
49905,30
49908,77
49910,1
49911,44
49912,39
49913,60
49915,48
49916,7
49917,38
49918,29
49919,45
49920,36
49921,70
49922,36
49925,30
49927,33
49929,44
49930,61
49931,70
49934,8
49935,47
49938,51
49942,33
49945,50
49946,49
49947,28
49948,39
49950,28
49952,18
49953,29
49955,7
49958,20
49959,62
49960,17
49961,62
49962,21
49963,49
49965,47
49967,50
49968,35
49969,32
49970,17
49971,34
50001,53
50002,10
50003,9
50005,15
50006,19
50007,1
50008,29
50009,20
50010,48
50011,1
50012,54
50014,63
50020,35
50021,16
50022,54
50023,14
50025,36
50026,38
50027,38
50028,18
50029,20
50032,42
50033,17
50034,9
50035,6
50036,17
50038,23
50039,2
50041,1
50042,16
50044,32
50046,11
50047,17
50048,31
50049,48
50050,34
50051,76
50052,9
50054,7
50055,15
50056,15
50057,12
50058,22
50060,56
50061,1
50062,34
50063,16
50064,3
50065,73
50066,10
50067,30
50068,13
50069,20
50070,5
50071,16
50072,7
50073,9
50074,4
50075,11
50076,40
50078,76
50101,70
50102,3
50103,51
50104,2
50105,4
50106,25
50107,59
50108,37
50109,2
50111,10
50112,48
50115,43
50116,39
50117,56
50118,8
50119,54
50120,1
50122,16
50123,21
50124,6
50125,37
50126,35
50127,
50128,35
50129,32
50130,12
50131,14
50132,13
50133,39
50134,4
50135,17
50136,15
50138,36
50139,10
50140,76
50141,2
50142,34
50143,5
50144,52
50146,19
50147,42
50148,20
50149,30
50150,14
50151,19
50153,22
50154,6
50155,12
50156,18
50157,21
50158,69
50160,36
50161,6
50162,7
50163,51
50164,36
50165,8
50166,8
50167,14
50168,4
50169,23
50170,11
50171,24
50173,30
50174,32
50201,29
50206,21
50207,13
50208,48
50210,9
50211,7
50212,19
50213,63
50214,9
50216,9
50217,12
50218,17
50219,17
50220,78
50222,21
50223,36
50225,36
50226,5
50227,13
50228,9
50229,1
50230,5
50231,43
50232,15
50233,20
50234,19
50235,21
50236,4
50237,6
50238,11
50239,46
50240,1
50242,17
50243,10
50244,10
50246,32
50247,16
50248,15
50249,10
50250,32
50251,5
50252,22
50254,30
50255,7
50256,13
50257,18
50258,17
50261,6
50262,5
50263,8
50264,45
50265,33
50266,20
50268,51
50271,8
50272,8
50273,19
50274,1
50275,25
50276,27
50277,27
50278,29
50309,77
50310,52
50311,88
50312,30
50313,65
50314,99
50315,70
50316,92
50317,70
50319,
50320,71
50321,59
50322,26
50323,3
50324,12
50325,17
50327,19
50401,53
50420,27
50421,35
50423,43
50424,7
50426,38
50428,26
50430,21
50431,23
50432,41
50433,7
50434,1
50435,5
50436,38
50438,12
50439,8
50440,3
50441,54
50444,4
50446,30
50447,37
50448,15
50449,33
50450,25
50451,44
50452,60
50453,1
50454,7
50455,34
50456,52
50457,21
50458,7
50459,30
50460,6
50461,20
50464,16
50465,34
50466,52
50467,18
50468,23
50469,6
50470,21
50471,39
50472,8
50473,7
50475,11
50476,23
50477,13
50478,21
50479,17
50480,8
50482,4
50483,17
50484,28
50501,65
50510,18
50511,39
50514,33
50515,69
50516,2
50517,31
50518,46
50519,45
50520,55
50521,71
50522,24
50523,35
50524,12
50525,66
50527,11
50528,4
50529,30
50530,32
50531,29
50532,31
50533,39
50535,35
50536,21
50538,45
50539,23
50540,20
50541,20
50542,13
50543,22
50544,17
50545,36
50546,46
50548,36
50551,10
50554,48
50556,4
50557,7
50558,34
50559,44
50560,39
50561,22
50562,10
50563,21
50565,27
50566,24
50567,37
50568,32
50569,28
50570,1
50571,24
50573,1
50574,21
50575,21
50576,41
50577,29
50578,33
50579,34
50581,62
50582,4
50583,42
50585,33
50586,11
50588,81
50590,62
50591,24
50593,4
50594,11
50595,36
50597,10
50598,5
50599,3
50601,20
50602,37
50603,7
50604,10
50605,1
50606,30
50607,22
50609,4
50611,59
50612,9
50613,40
50616,64
50619,34
50620,37
50621,15
50622,6
50624,6
50625,51
50626,13
50627,34
50628,31
50629,22
50630,10
50632,18
50633,16
50634,22
50635,7
50636,18
50638,17
50641,66
50642,12
50643,2
50644,25
50645,8
50647,1
50648,6
50650,51
50651,13
50652,48
50653,17
50654,7
50655,27
50658,15
50659,12
50660,20
50662,45
50664,11
50665,17
50666,8
50667,7
50668,15
50669,15
50670,11
50671,16
50672,25
50673,16
50674,6
50675,27
50676,18
50677,14
50680,2
50681,10
50682,9
50701,53
50702,60
50703,93
50707,56
50801,58
50830,34
50833,20
50835,1
50836,18
50837,39
50839,2
50840,21
50841,36
50842,16
50843,46
50845,39
50846,37
50847,52
50848,11
50849,34
50851,52
50853,6
50854,34
50857,30
50858,25
50859,30
50860,15
50861,3
50862,26
50863,19
50864,49
51001,34
51002,34
51003,2
51004,20
51005,11
51006,30
51007,2
51008,3
51009,62
51010,37
51011,28
51012,49
51014,12
51016,19
51018,16
51019,21
51020,29
51022,14
51023,56
51024,9
51025,20
51026,8
51027,2
51028,14
51029,10
51030,7
51031,32
51033,28
51034,27
51035,24
51036,1
51037,26
51038,11
51039,17
51040,58
51041,7
51044,45
51046,17
51047,14
51048,23
51049,36
51050,25
51051,19
51052,8
51053,29
51054,16
51055,3
51056,22
51058,24
51060,35
51061,24
51062,53
51063,33
51101,100
51103,88
51104,58
51105,93
51106,35
51108,23
51109,59
51111,38
51201,42
51230,1
51231,32
51232,30
51234,15
51235,13
51237,12
51238,3
51239,12
51240,26
51241,6
51242,17
51243,9
51244,9
51245,28
51246,9
51247,34
51248,26
51249,47
51250,25
51301,45
51331,14
51333,45
51334,43
51338,28
51341,63
51342,33
51343,24
51345,28
51346,42
51347,17
51350,57
51351,21
51354,25
51355,28
51357,21
51358,19
51360,14
51363,32
51364,38
51365,12
51366,18
51401,30
51430,5
51431,17
51433,34
51436,13
51439,49
51440,4
51441,67
51442,92
51443,14
51444,7
51445,24
51446,18
51447,1
51448,38
51449,37
51450,12
51451,39
51453,37
51454,15
51455,13
51458,10
51459,50
51461,35
51462,21
51463,11
51465,26
51466,22
51467,3
51501,72
51503,39
51510,60
51520,29
51521,30
51523,1
51525,15
51526,4
51527,21
51528,63
51529,27
51530,12
51531,2
51532,33
51533,16
51534,31
51535,32
51536,26
51537,34
51540,27
51541,9
51542,6
51543,29
51544,14
51545,47
51546,19
51548,2
51549,6
51550,35
51551,13
51552,35
51553,7
51554,22
51555,41
51556,21
51557,24
51558,25
51559,16
51560,31
51561,22
51562,18
51563,24
51564,58
51565,6
51566,56
51570,35
51571,2
51572,28
51573,1
51575,2
51576,5
51577,7
51578,1
51579,23
51601,50
51630,7
51631,23
51632,29
51636,44
51637,44
51638,21
51639,17
51640,45
51645,7
51646,7
51647,47
51648,9
51649,10
51650,35
51652,36
51653,21
51654,64
51656,6
52001,64
52002,22
52003,20
52030,65
52031,12
52032,2
52033,23
52035,19
52037,9
52038,35
52039,15
52040,7
52041,7
52042,21
52043,60
52044,9
52045,5
52046,27
52047,55
52048,24
52049,26
52050,7
52052,24
52053,3
52054,10
52057,36
52060,58
52064,11
52065,9
52066,51
52068,6
52069,28
52070,20
52072,5
52073,7
52074,27
52076,20
52077,27
52078,6
52079,25
52101,16
52132,23
52133,4
52134,34
52135,11
52136,26
52140,31
52141,9
52142,64
52144,5
52146,23
52147,8
52151,18
52154,9
52155,20
52156,21
52157,47
52158,39
52159,17
52160,14
52161,4
52162,76
52163,3
52164,24
52165,1
52166,31
52168,49
52169,23
52170,9
52171,11
52172,35
52175,43
52201,7
52202,14
52203,1
52205,31
52206,1
52207,19
52208,32
52209,29
52210,52
52211,18
52212,34
52213,3
52214,8
52215,29
52216,33
52217,43
52218,18
52219,50
52220,13
52221,8
52222,22
52223,16
52224,5
52225,16
52227,6
52228,1
52229,14
52231,11
52232,9
52233,62
52235,34
52236,2
52237,25
52240,76
52241,59
52242,18
52245,45
52246,65
52247,40
52248,22
52249,7
52251,11
52253,13
52254,21
52255,32
52257,4
52301,28
52302,20
52305,18
52306,14
52307,42
52308,42
52309,27
52310,20
52312,62
52313,23
52314,13
52315,15
52316,19
52317,15
52318,26
52320,50
52321,52
52322,8
52323,28
52324,2
52325,30
52326,17
52327,12
52328,1
52329,1
52330,23
52332,19
52333,2
52334,29
52335,39
52336,10
52337,18
52338,1
52339,78
52340,16
52341,7
52342,50
52345,6
52346,19
52347,13
52348,8
52349,34
52351,1
52352,2
52353,49
52354,2
52355,16
52356,17
52358,7
52359,18
52361,36
52362,34
52401,93
52402,41
52403,39
52404,61
52405,31
52411,1
52501,69
52530,32
52531,47
52533,30
52534,66
52535,41
52536,14
52537,51
52540,49
52542,64
52543,8
52544,65
52548,30
52549,64
52550,65
52551,18
52552,16
52553,48
52554,44
52555,23
52556,51
52557,1
52560,50
52561,53
52563,30
52565,30
52566,19
52567,32
52569,15
52570,49
52571,24
52572,48
52573,23
52574,36
52576,10
52577,59
52580,13
52581,13
52583,22
52584,45
52585,12
52586,20
52588,
52590,73
52591,18
52593,27
52594,18
52595,57
52601,66
52619,42
52620,26
52621,11
52623,7
52624,46
52625,14
52626,31
52627,49
52630,48
52632,72
52635,56
52637,15
52638,35
52639,30
52640,14
52641,36
52644,17
52645,44
52646,48
52647,34
52649,14
52650,4
52651,52
52653,31
52654,38
52655,52
52656,2
52657,1
52658,2
52659,29
52660,2
52701,8
52720,5
52721,5
52722,13
52726,3
52727,24
52728,25
52729,6
52730,14
52731,11
52732,65
52737,26
52738,72
52739,82
52742,31
52745,12
52746,5
52747,17
52748,15
52749,4
52750,1
52751,24
52752,30
52753,4
52754,19
52755,15
52756,1
52757,29
52758,20
52760,12
52761,53
52765,9
52766,4
52767,5
52768,13
52769,18
52772,14
52773,26
52774,1
52776,40
52777,35
52778,5
52801,88
52802,84
52803,59
52804,68
52806,51
52807,48
53001,9
53002,7
53003,35
53004,6
53005,3
53006,13
53007,39
53010,15
53011,5
53012,3
53013,14
53014,23
53015,8
53016,20
53017,1
53018,8
53019,10
53020,9
53021,6
53022,8
53023,7
53024,13
53027,23
53029,4
53031,
53032,51
53033,1
53034,18
53035,20
53036,6
53037,16
53038,11
53039,36
53040,3
53042,19
53044,1
53045,4
53046,14
53047,1
53048,45
53049,5
53050,35
53051,7
53057,12
53058,6
53059,9
53061,16
53063,7
53065,9
53066,7
53069,3
53070,7
53072,6
53073,21
53074,22
53075,20
53076,1
53078,8
53079,9
53080,32
53081,60
53083,16
53085,19
53086,8
53088,29
53089,2
53090,14
53091,17
53092,8
53093,4
53094,46
53095,20
53097,1
53098,31
53103,1
53104,6
53105,19
53108,18
53110,51
53114,31
53115,48
53118,12
53119,8
53120,14
53121,25
53122,2
53125,8
53126,6
53128,40
53129,18
53130,25
53132,11
53137,4
53139,3
53140,85
53142,34
53143,79
53144,76
53146,1
53147,31
53149,3
53150,4
53151,7
53153,1
53154,28
53156,33
53158,12
53167,50
53168,16
53170,26
53172,65
53177,30
53178,16
53179,29
53181,41
53182,42
53183,10
53184,55
53185,4
53186,48
53188,39
53189,13
53190,76
53191,8
53192,
53195,40
53202,51
53203,68
53204,100
53205,100
53206,99
53207,55
53208,95
53209,92
53210,94
53211,57
53212,93
53213,27
53214,73
53215,96
53216,92
53217,7
53218,96
53219,55
53220,52
53221,71
53222,47
53223,80
53224,87
53225,90
53226,28
53227,50
53228,40
53233,98
53235,49
53295,37
53402,45
53403,86
53404,96
53405,59
53406,43
53501,2
53502,26
53503,30
53504,34
53505,12
53506,63
53507,2
53508,5
53510,25
53511,77
53515,9
53516,13
53517,8
53518,28
53520,40
53521,3
53522,26
53523,5
53525,39
53526,18
53527,6
53528,3
53529,7
53530,47
53531,7
53532,13
53533,23
53534,29
53536,20
53537,58
53538,43
53540,44
53541,33
53543,30
53544,1
53545,50
53546,34
53548,61
53549,31
53550,28
53551,27
53553,19
53554,46
53555,6
53556,34
53557,34
53558,4
53559,38
53560,19
53561,8
53562,20
53563,10
53565,19
53566,35
53569,30
53570,13
53571,59
53572,7
53573,42
53574,5
53575,5
53576,27
53577,26
53578,24
53579,34
53580,51
53581,51
53582,25
53583,11
53585,66
53586,43
53587,31
53588,13
53589,15
53590,24
53593,5
53594,22
53597,7
53598,5
53599,73
53702,1
53703,70
53704,55
53705,40
53706,65
53711,34
53713,83
53714,61
53715,78
53716,25
53717,43
53718,17
53719,20
53726,61
53792,
53801,29
53802,40
53803,27
53804,23
53805,40
53806,38
53807,9
53808,28
53809,41
53810,9
53811,33
53813,36
53816,56
53817,21
53818,63
53820,16
53821,39
53825,60
53826,42
53827,37
53901,50
53910,73
53911,6
53913,57
53916,48
53919,12
53920,11
53922,5
53923,56
53924,37
53925,17
53926,55
53928,45
53929,53
53930,35
53931,28
53932,27
53933,59
53934,54
53935,19
53936,24
53937,42
53939,20
53941,24
53943,47
53944,30
53946,35
53947,29
53948,45
53949,37
53950,47
53951,46
53952,40
53953,38
53954,15
53955,7
53956,36
53959,42
53960,20
53961,16
53963,34
53964,42
53965,34
53968,32
53969,47
54001,17
54002,17
54003,14
54004,18
54005,27
54006,13
54007,24
54009,9
54010,
54011,14
54013,32
54014,12
54015,9
54016,9
54017,10
54020,23
54021,7
54022,31
54023,11
54024,28
54025,16
54026,13
54027,14
54028,21
54082,3
54101,10
54102,51
54103,22
54104,50
54106,12
54107,21
54110,17
54111,7
54112,32
54113,14
54114,33
54115,18
54119,19
54120,31
54121,32
54123,21
54124,41
54125,48
54126,21
54127,18
54128,28
54129,7
54130,18
54135,79
54136,33
54137,7
54138,28
54139,15
54140,38
54141,10
54143,51
54149,27
54150,90
54151,28
54153,48
54154,48
54155,35
54156,41
54157,47
54159,7
54160,10
54161,31
54162,18
54165,15
54166,46
54169,2
54170,13
54171,1
54173,8
54174,36
54175,14
54177,46
54180,10
54201,26
54202,8
54204,11
54205,9
54207,3
54208,8
54209,9
54210,1
54211,1
54212,1
54213,30
54214,32
54216,33
54217,12
54220,45
54227,8
54228,14
54229,2
54230,11
54232,22
54234,14
54235,27
54241,35
54245,12
54246,8
54247,7
54301,42
54302,85
54303,85
54304,54
54307,
54311,29
54313,3
54401,42
54403,50
54405,71
54406,21
54407,4
54408,38
54409,53
54410,36
54411,34
54412,20
54413,25
54414,29
54416,53
54417,18
54418,16
54420,45
54421,55
54422,72
54423,6
54424,6
54425,49
54426,26
54427,37
54428,33
54430,21
54433,53
54435,27
54436,57
54437,48
54440,13
54441,3
54442,8
54443,20
54446,45
54447,56
54448,8
54449,30
54450,69
54451,31
54452,32
54454,22
54455,7
54456,35
54457,26
54458,20
54459,42
54460,47
54462,27
54463,19
54465,24
54466,22
54467,38
54469,36
54470,37
54471,1
54473,12
54474,18
54475,6
54476,40
54479,26
54480,51
54481,61
54482,20
54484,24
54485,29
54486,27
54487,20
54488,35
54489,10
54490,36
54491,41
54493,30
54494,27
54495,63
54498,66
54499,43
54501,21
54511,24
54512,12
54513,11
54514,21
54515,34
54517,20
54519,19
54520,74
54521,28
54524,36
54525,65
54526,30
54527,34
54529,21
54530,28
54531,7
54534,53
54536,42
54537,28
54538,74
54539,11
54540,20
54541,51
54542,33
54545,17
54546,46
54547,26
54548,5
54550,42
54552,50
54554,29
54555,40
54556,34
54557,6
54558,28
54559,77
54560,3
54561,
54562,5
54563,20
54564,19
54565,24
54566,62
54568,37
54601,60
54603,54
54610,18
54611,45
54612,50
54613,29
54614,22
54615,62
54616,54
54618,30
54619,48
54621,27
54622,9
54623,9
54624,26
54625,34
54626,14
54627,9
54628,17
54629,13
54630,26
54631,28
54632,22
54634,61
54635,28
54636,10
54637,31
54638,59
54639,64
54641,
54642,24
54643,53
54644,18
54645,82
54646,56
54648,58
54650,19
54651,57
54652,74
54653,44
54654,26
54655,58
54656,43
54657,23
54658,14
54659,57
54660,44
54661,4
54664,54
54665,48
54666,19
54667,29
54669,9
54670,67
54701,52
54703,47
54720,30
54721,15
54722,56
54723,17
54724,27
54725,20
54726,43
54727,33
54728,24
54729,34
54730,21
54731,26
54732,49
54733,14
54734,7
54736,39
54737,4
54738,6
54739,18
54740,19
54741,73
54742,16
54745,22
54746,58
54747,56
54748,16
54749,39
54750,7
54751,47
54754,34
54755,36
54756,23
54757,28
54758,17
54759,16
54760,60
54761,26
54762,33
54763,33
54765,1
54766,54
54767,16
54768,53
54769,20
54770,18
54771,52
54772,42
54773,46
54801,37
54805,47
54806,58
54810,31
54812,68
54813,34
54814,67
54817,15
54819,42
54820,23
54821,9
54822,30
54824,37
54826,12
54827,14
54828,68
54829,34
54830,20
54832,47
54835,24
54836,9
54837,39
54838,23
54839,26
54840,33
54841,23
54842,2
54843,55
54844,14
54845,34
54846,26
54847,28
54848,48
54849,12
54850,13
54853,27
54854,17
54855,21
54856,23
54857,49
54858,50
54859,47
54861,95
54862,34
54864,18
54865,21
54867,77
54868,39
54870,11
54871,38
54872,44
54873,27
54874,15
54875,27
54876,45
54880,59
54888,24
54889,44
54891,16
54893,43
54895,36
54896,29
54901,71
54902,46
54904,10
54909,27
54911,53
54913,6
54914,41
54915,29
54921,35
54922,35
54923,50
54927,5
54928,23
54929,41
54930,59
54931,1
54932,1
54933,57
54934,29
54935,59
54937,20
54940,4
54941,7
54942,2
54943,59
54944,3
54945,22
54946,
54947,3
54948,19
54949,26
54950,50
54952,38
54956,31
54960,21
54961,34
54962,20
54963,7
54964,3
54965,11
54966,30
54967,69
54968,38
54970,50
54971,35
54974,19
54977,9
54979,1
54980,9
54981,30
54982,47
54983,21
54984,20
54985,
54986,9
55001,1
55003,19
55005,5
55006,62
55007,26
55008,25
55009,12
55011,5
55012,15
55013,10
55014,6
55016,4
55017,29
55018,7
55019,2
55020,1
55021,58
55024,4
55025,16
55026,5
55027,9
55029,5
55030,31
55031,6
55032,7
55033,16
55036,75
55037,55
55038,3
55040,20
55041,23
55042,9
55043,3
55044,6
55045,8
55046,8
55047,3
55049,41
55051,35
55052,17
55053,11
55054,1
55055,48
55056,18
55057,22
55060,33
55063,24
55065,5
55066,44
55068,8
55069,40
55070,24
55071,18
55072,57
55073,3
55074,21
55075,49
55076,38
55077,26
55079,11
55080,4
55082,8
55084,15
55085,6
55087,19
55088,5
55089,10
55090,18
55092,8
55101,62
55102,63
55103,98
55104,78
55105,16
55106,93
55107,89
55108,45
55109,53
55110,10
55111,
55112,41
55113,41
55114,68
55115,16
55116,50
55117,88
55118,51
55119,71
55120,2
55121,57
55122,26
55123,4
55124,15
55125,7
55126,6
55127,3
55128,37
55129,4
55130,99
55150,52
55155,
55301,4
55302,13
55303,21
55304,2
55305,25
55306,53
55307,48
55308,5
55309,11
55310,13
55311,2
55312,13
55313,14
55314,45
55315,3
55316,5
55317,2
55318,23
55319,1
55320,9
55321,28
55322,4
55324,9
55325,8
55327,4
55328,4
55329,27
55330,12
55331,2
55332,24
55333,61
55334,29
55335,29
55336,35
55337,44
55338,8
55339,14
55340,3
55341,3
55342,20
55343,43
55344,70
55345,7
55346,1
55347,1
55349,11
55350,25
55352,37
55353,3
55354,22
55355,31
55356,11
55357,1
55358,14
55359,5
55360,4
55362,28
55363,39
55364,5
55366,18
55367,15
55368,8
55369,5
55370,8
55371,32
55372,5
55373,15
55374,8
55375,2
55376,5
55378,11
55379,27
55381,5
55382,10
55384,49
55385,13
55386,1
55387,6
55388,16
55389,20
55390,8
55391,8
55395,26
55396,31
55397,18
55398,6
55401,42
55402,64
55403,66
55404,99
55405,68
55406,57
55407,84
55408,80
55409,49
55410,4
55411,98
55412,88
55413,72
55414,83
55415,72
55416,24
55417,18
55418,44
55419,22
55420,64
55421,66
55422,28
55423,53
55424,1
55425,81
55426,27
55427,19
55428,70
55429,80
55430,81
55431,21
55432,55
55433,39
55434,28
55435,39
55436,6
55437,15
55438,7
55439,1
55441,26
55442,4
55443,29
55444,16
55445,30
55446,4
55447,10
55448,13
55449,6
55450,1
55454,100
55455,2
55601,1
55602,28
55603,36
55604,28
55605,73
55606,25
55607,23
55609,1
55612,17
55613,13
55614,16
55615,14
55616,26
55702,7
55703,20
55704,48
55705,59
55706,33
55707,22
55708,53
55709,26
55710,10
55711,59
55712,39
55713,42
55716,57
55717,3
55718,18
55719,68
55720,48
55721,17
55722,62
55723,22
55724,5
55725,25
55726,37
55731,16
55732,15
55733,1
55734,37
55735,32
55736,31
55738,14
55741,14
55742,3
55744,32
55746,57
55748,51
55749,10
55750,19
55751,14
55752,26
55753,64
55756,21
55757,20
55758,38
55760,42
55763,24
55764,69
55765,37
55766,16
55767,57
55768,63
55769,39
55771,44
55772,88
55775,17
55779,12
55780,69
55781,15
55782,7
55783,22
55784,20
55785,14
55786,57
55787,34
55790,33
55792,74
55793,26
55795,47
55797,13
55798,13
55802,82
55803,12
55804,6
55805,84
55806,85
55807,62
55808,65
55810,8
55811,28
55812,63
55814,
55901,37
55902,21
55904,62
55905,
55906,14
55909,6
55910,20
55912,67
55917,29
55918,21
55919,15
55920,4
55921,14
55922,78
55923,10
55924,34
55925,6
55926,30
55927,36
55929,9
55931,31
55932,15
55933,23
55934,11
55935,4
55936,29
55939,56
55940,18
55941,16
55943,23
55944,6
55945,12
55946,27
55947,8
55949,27
55950,70
55951,29
55952,26
55953,59
55954,35
55955,1
55956,9
55957,13
55959,13
55960,3
55961,31
55962,25
55963,16
55964,37
55965,38
55967,12
55968,1
55969,5
55970,18
55971,20
55972,22
55973,10
55974,36
55975,15
55976,20
55977,11
55979,57
55981,23
55982,16
55983,32
55985,17
55987,50
55990,23
55991,12
55992,16
56001,66
56003,26
56007,55
56009,12
56010,36
56011,21
56013,23
56014,32
56016,11
56017,4
56019,17
56020,1
56021,1
56022,16
56023,28
56024,34
56025,1
56026,23
56027,46
56028,8
56029,18
56031,52
56032,58
56033,18
56034,13
56035,20
56036,9
56037,9
56039,3
56041,16
56042,13
56043,20
56044,8
56045,12
56046,38
56047,2
56048,19
56050,23
56051,38
56052,15
56054,4
56055,16
56056,9
56057,42
56058,35
56060,42
56062,59
56063,7
56065,24
56068,17
56069,17
56071,6
56072,24
56073,16
56074,14
56075,20
56078,3
56080,11
56081,51
56082,47
56083,17
56085,17
56087,16
56088,25
56089,52
56090,12
56091,16
56093,44
56096,23
56097,37
56098,34
56101,38
56110,16
56111,3
56113,17
56114,13
56115,15
56116,16
56117,36
56118,7
56119,18
56120,33
56121,30
56122,50
56123,17
56125,13
56127,35
56128,22
56129,32
56131,23
56132,12
56134,10
56136,57
56137,31
56138,25
56139,12
56140,34
56141,10
56142,18
56143,26
56144,25
56145,14
56146,4
56147,18
56149,22
56150,23
56151,2
56152,23
56153,4
56155,29
56156,30
56157,22
56158,11
56159,74
56160,30
56161,12
56162,29
56164,46
56165,4
56166,28
56167,28
56168,31
56169,6
56170,30
56171,26
56172,25
56173,32
56174,24
56175,43
56176,27
56177,26
56178,32
56180,59
56181,41
56183,19
56185,9
56186,33
56187,80
56201,72
56207,6
56208,64
56209,10
56210,2
56211,10
56212,14
56214,34
56215,51
56216,11
56218,19
56219,62
56220,27
56221,12
56222,34
56223,33
56224,14
56225,47
56226,3
56227,18
56228,17
56229,28
56230,12
56231,19
56232,17
56235,10
56236,13
56237,51
56239,9
56240,23
56241,54
56243,41
56244,31
56245,35
56248,21
56249,2
56251,10
56252,34
56253,16
56255,19
56256,27
56257,26
56258,68
56260,22
56262,54
56263,3
56264,15
56265,49
56266,14
56267,38
56270,43
56271,22
56273,8
56274,1
56276,22
56277,54
56278,29
56279,21
56280,5
56281,10
56282,23
56283,36
56284,24
56285,36
56287,12
56288,3
56289,15
56291,19
56292,5
56293,13
56294,13
56295,11
56296,33
56297,27
56301,82
56303,59
56304,80
56307,24
56308,23
56309,37
56310,3
56311,39
56312,26
56313,65
56314,17
56315,16
56316,28
56318,5
56319,3
56320,11
56321,28
56323,28
56324,19
56325,28
56326,16
56327,2
56328,19
56329,25
56330,15
56331,18
56332,3
56334,15
56335,10
56336,25
56338,25
56339,38
56340,8
56342,39
56343,12
56345,47
56347,56
56349,2
56350,44
56352,25
56353,45
56354,12
56355,18
56356,10
56357,9
56358,33
56359,83
56360,20
56361,25
56362,24
56363,42
56364,36
56367,14
56368,7
56369,92
56371,39
56373,22
56374,41
56375,11
56376,20
56377,22
56378,31
56379,44
56381,29
56382,8
56384,90
56385,7
56386,55
56387,91
56389,22
56401,44
56425,23
56431,39
56433,24
56434,39
56435,38
56436,30
56437,54
56438,30
56440,54
56441,63
56442,3
56443,25
56444,22
56446,52
56447,21
56448,24
56449,9
56450,42
56452,11
56453,43
56455,38
56456,24
56458,7
56461,24
56464,34
56465,2
56466,41
56467,3
56468,3
56469,24
56470,54
56472,8
56473,27
56474,45
56475,39
56477,44
56479,47
56481,39
56482,71
56484,62
56501,33
56510,28
56511,10
56514,21
56515,4
56516,22
56517,20
56518,43
56519,19
56520,35
56521,27
56522,11
56523,15
56524,18
56525,6
56527,49
56528,10
56529,10
56531,18
56533,6
56534,7
56535,26
56536,5
56537,35
56540,45
56541,1
56542,45
56543,23
56544,26
56545,3
56546,9
56547,23
56548,38
56549,16
56550,49
56551,35
56552,9
56553,6
56554,11
56556,53
56557,85
56560,51
56565,30
56566,98
56567,31
56568,58
56569,78
56570,19
56571,11
56572,55
56573,33
56574,16
56575,60
56576,22
56577,
56578,8
56579,4
56580,6
56581,4
56583,5
56584,35
56585,20
56586,21
56587,5
56588,8
56589,68
56590,11
56591,76
56592,39
56593,
56594,3
56601,57
56621,67
56623,39
56626,87
56627,70
56628,40
56629,1
56630,55
56633,85
56634,39
56636,40
56637,19
56639,41
56641,66
56644,66
56646,23
56647,6
56649,45
56650,32
56651,46
56652,36
56653,21
56654,25
56655,22
56657,6
56658,
56659,14
56660,36
56661,45
56662,12
56663,35
56666,100
56667,28
56668,27
56669,32
56670,96
56671,97
56672,47
56673,13
56676,27
56678,7
56680,29
56681,55
56683,9
56684,24
56685,34
56686,16
56687,28
56688,46
56701,39
56710,43
56711,
56713,9
56714,27
56715,10
56716,52
56720,20
56721,44
56722,4
56723,16
56724,8
56725,24
56726,20
56727,13
56728,12
56729,48
56731,3
56732,44
56733,1
56734,39
56735,9
56736,19
56737,33
56738,11
56741,
56742,31
56744,11
56748,26
56750,26
56751,17
56754,35
56755,9
56756,14
56757,15
56758,12
56759,7
56760,24
56761,14
56762,35
56763,28
57001,25
57002,13
57003,10
57004,16
57005,8
57006,48
57010,9
57012,20
57013,24
57014,35
57015,22
57016,14
57017,7
57018,28
57020,1
57021,1
57022,3
57024,18
57025,33
57026,40
57027,29
57028,73
57029,35
57030,3
57031,7
57032,9
57033,7
57034,11
57035,1
57036,8
57037,45
57038,5
57039,24
57040,29
57041,1
57042,46
57043,27
57045,21
57046,7
57047,57
57048,25
57049,38
57050,31
57051,37
57052,47
57053,8
57054,11
57055,14
57057,1
57058,48
57059,29
57061,21
57062,57
57063,8
57064,10
57065,30
57066,53
57067,11
57068,5
57069,59
57070,53
57071,15
57072,27
57073,10
57075,2
57076,1
57077,5
57078,56
57103,51
57104,85
57105,31
57106,36
57107,38
57108,7
57110,47
57117,
57197,1
57201,50
57212,24
57213,37
57214,18
57216,31
57217,19
57218,7
57219,4
57220,7
57221,53
57223,3
57224,5
57225,38
57226,29
57227,20
57231,10
57232,30
57233,38
57234,19
57235,9
57236,24
57237,11
57238,19
57239,9
57241,8
57242,8
57243,35
57245,6
57246,8
57247,25
57248,29
57249,15
57251,36
57252,20
57255,41
57256,42
57257,69
57258,63
57259,30
57260,29
57261,4
57262,85
57263,27
57264,13
57265,2
57266,55
57268,22
57269,6
57270,74
57271,11
57272,1
57273,66
57274,46
57276,19
57278,19
57279,25
57301,52
57311,22
57312,20
57313,16
57314,6
57315,17
57317,41
57319,33
57321,15
57322,67
57323,1
57324,8
57325,45
57328,31
57329,32
57330,19
57331,3
57332,4
57334,33
57335,7
57337,3
57339,100
57340,6
57341,37
57342,6
57344,1
57345,8
57346,38
57348,1
57349,23
57350,72
57353,11
57355,46
57356,88
57358,19
57359,20
57361,68
57362,34
57363,9
57364,
57365,25
57366,19
57367,32
57368,25
57369,39
57370,55
57371,25
57373,7
57374,5
57375,17
57376,48
57379,20
57380,82
57381,21
57382,22
57383,13
57384,2
57385,40
57386,46
57401,45
57420,2
57421,1
57422,6
57424,11
57426,20
57427,1
57428,35
57429,17
57430,14
57432,26
57433,1
57434,23
57435,20
57436,16
57437,36
57438,33
57439,
57440,48
57441,11
57442,23
57445,26
57446,13
57448,5
57449,4
57450,5
57451,6
57452,22
57454,22
57455,5
57456,34
57457,4
57460,33
57461,20
57465,1
57466,3
57467,23
57468,37
57469,31
57470,11
57471,20
57472,9
57473,5
57474,7
57475,1
57476,21
57477,10
57479,4
57481,2
57501,46
57520,26
57521,47
57522,52
57523,48
57528,40
57529,19
57531,10
57532,7
57533,55
57534,2
57536,25
57537,3
57538,31
57540,55
57541,50
57543,67
57544,22
57547,10
57548,100
57551,72
57552,7
57553,5
57555,97
57559,39
57560,99
57562,1
57563,62
57564,15
57566,97
57567,41
57568,1
57569,15
57570,100
57571,
57572,100
57574,6
57576,33
57577,100
57579,80
57580,50
57584,45
57585,58
57601,43
57620,14
57621,100
57622,100
57623,84
57625,96
57626,39
57630,1
57631,2
57632,9
57633,20
57634,2
57636,95
57638,34
57639,100
57640,10
57641,28
57642,97
57644,4
57645,26
57646,16
57648,1
57649,21
57650,11
57651,14
57652,87
57656,41
57657,41
57658,99
57660,1
57661,87
57701,80
57702,7
57703,22
57706,39
57714,100
57716,45
57717,48
57718,7
57719,42
57720,12
57722,15
57724,40
57725,24
57730,35
57732,39
57735,41
57738,12
57741,11
57744,29
57745,42
57747,26
57748,70
57750,37
57751,32
57752,97
57754,44
57755,17
57756,88
57758,64
57759,41
57760,29
57761,6
57762,39
57763,5
57764,99
57766,30
57767,7
57769,12
57770,97
57772,100
57773,39
57775,16
57776,
57779,10
57780,6
57782,4
57783,42
57785,22
57787,24
57788,34
57790,18
57791,1
57792,15
57793,30
57794,100
57799,1
58001,1
58002,27
58004,2
58005,1
58006,20
58007,9
58008,1
58009,1
58011,2
58012,10
58013,12
58015,5
58016,1
58017,15
58018,5
58021,9
58027,25
58029,7
58030,14
58031,35
58032,24
58033,18
58035,15
58036,3
58038,4
58040,26
58041,20
58042,1
58043,30
58045,24
58046,21
58047,4
58048,3
58049,21
58051,4
58052,6
58053,34
58054,27
58056,20
58057,22
58058,17
58059,12
58060,7
58061,12
58062,1
58063,17
58064,24
58065,6
58067,2
58068,21
58069,4
58071,7
58072,36
58075,63
58076,2
58077,6
58078,16
58079,8
58081,7
58102,61
58103,72
58104,29
58105,2
58201,55
58202,1
58203,76
58204,26
58205,
58210,9
58212,21
58214,13
58216,22
58218,3
58219,1
58220,25
58222,31
58223,2
58224,1
58225,6
58227,3
58228,44
58229,34
58230,4
58231,21
58233,13
58235,20
58237,50
58238,8
58239,34
58240,16
58241,5
58243,39
58244,7
58249,31
58250,18
58251,30
58254,20
58256,6
58257,43
58258,8
58259,11
58260,1
58261,34
58262,74
58265,1
58266,8
58267,20
58269,13
58270,27
58271,1
58272,19
58273,8
58274,9
58275,2
58276,13
58277,4
58278,2
58281,4
58282,55
58301,54
58311,5
58316,86
58317,37
58318,20
58321,46
58323,1
58324,37
58325,17
58327,7
58329,84
58330,44
58331,32
58332,18
58335,99
58338,13
58339,77
58341,37
58343,1
58344,35
58345,16
58346,35
58348,15
58351,40
58352,32
58353,20
58355,1
58356,53
58357,28
58361,65
58362,
58363,1
58365,22
58366,62
58367,81
58368,41
58369,35
58370,96
58372,1
58374,17
58377,32
58379,99
58380,33
58381,33
58382,6
58384,11
58385,28
58386,13
58401,50
58402,54
58405,2
58413,28
58415,9
58416,25
58418,37
58420,2
58421,23
58422,14
58423,26
58424,1
58425,32
58426,48
58428,44
58429,39
58430,4
58431,15
58433,50
58436,14
58438,18
58439,19
58440,3
58441,31
58442,21
58443,12
58444,21
58445,28
58448,22
58451,10
58452,4
58454,29
58455,39
58456,26
58458,36
58460,17
58461,37
58463,53
58464,4
58466,21
58467,28
58472,1
58474,22
58475,26
58476,12
58477,29
58478,18
58479,9
58480,26
58481,2
58482,28
58483,31
58484,1
58486,1
58487,35
58488,19
58490,41
58492,11
58494,7
58495,40
58496,24
58497,19
58501,48
58503,14
58504,35
58505,
58520,7
58521,1
58523,4
58524,25
58528,99
58529,31
58530,35
58531,6
58532,39
58533,24
58535,18
58538,99
58540,38
58541,22
58542,22
58544,14
58545,21
58549,23
58552,27
58554,24
58558,5
58559,4
58560,28
58561,18
58562,28
58563,19
58564,2
58565,6
58566,6
58568,73
58569,1
58570,12
58571,38
58572,18
58573,19
58575,30
58576,8
58577,8
58579,15
58580,16
58581,38
58601,46
58620,20
58621,37
58622,34
58623,38
58625,35
58626,42
58627,35
58630,24
58631,38
58632,17
58634,10
58636,20
58638,18
58639,16
58640,16
58641,32
58642,27
58643,44
58645,19
58646,29
58647,24
58649,19
58650,23
58651,9
58652,18
58653,10
58654,14
58655,19
58656,6
58701,43
58702,
58703,37
58704,41
58705,
58707,2
58710,9
58711,8
58712,12
58713,8
58716,36
58718,4
58721,5
58722,16
58723,29
58725,4
58727,11
58730,26
58731,5
58733,7
58734,24
58735,8
58736,29
58737,30
58740,14
58741,23
58744,16
58746,16
58748,24
58750,18
58752,27
58755,5
58756,18
58757,94
58758,6
58759,4
58760,60
58761,11
58762,14
58763,64
58765,34
58768,6
58769,8
58770,66
58771,8
58772,9
58773,16
58775,35
58776,96
58778,12
58779,33
58781,7
58782,2
58783,36
58784,23
58785,9
58787,16
58788,23
58789,41
58790,19
58792,17
58793,14
58794,57
58795,56
58801,50
58830,5
58831,19
58833,4
58835,3
58838,20
58843,2
58844,20
58845,8
58847,21
58849,7
58852,19
58853,39
58854,54
58856,24
59001,6
59002,48
59003,73
59006,76
59007,8
59008,33
59010,18
59011,11
59012,37
59013,39
59014,14
59015,8
59016,51
59018,30
59019,22
59020,6
59022,79
59024,21
59025,46
59026,50
59027,46
59028,8
59029,16
59030,41
59031,55
59032,31
59033,28
59034,85
59035,24
59036,54
59037,18
59038,41
59039,40
59041,22
59043,84
59044,21
59046,43
59047,32
59050,74
59052,17
59053,85
59054,35
59055,17
59057,1
59058,31
59059,24
59061,16
59062,17
59063,5
59064,53
59065,8
59066,71
59067,27
59068,36
59069,20
59070,19
59071,26
59072,49
59074,34
59075,29
59076,9
59077,8
59078,38
59079,18
59081,1
59082,26
59085,13
59086,26
59087,11
59088,50
59089,72
59101,65
59102,40
59105,21
59106,10
59201,87
59211,20
59212,10
59213,81
59214,25
59215,13
59217,9
59218,30
59219,35
59221,22
59222,51
59223,5
59225,85
59226,17
59230,19
59231,52
59240,1
59241,26
59242,1
59243,15
59244,20
59247,9
59248,24
59250,29
59252,3
59253,16
59254,26
59255,93
59256,42
59257,13
59258,38
59259,29
59260,3
59261,41
59262,14
59263,9
59270,36
59274,17
59275,13
59276,
59301,42
59311,28
59312,20
59313,20
59314,32
59315,1
59317,19
59318,13
59322,25
59323,6
59324,39
59326,62
59327,45
59330,37
59332,20
59333,1
59336,9
59337,12
59338,16
59339,12
59343,20
59344,12
59347,20
59349,24
59351,26
59353,31
59354,1
59401,74
59404,25
59405,65
59410,46
59411,34
59412,24
59414,67
59416,1
59417,88
59418,38
59419,11
59420,33
59421,32
59422,52
59424,2
59425,44
59427,67
59430,17
59432,3
59433,11
59434,37
59436,38
59440,25
59441,1
59442,16
59443,15
59444,82
59446,24
59447,23
59448,93
59450,8
59451,42
59452,13
59453,7
59454,47
59456,52
59457,48
59460,32
59461,18
59462,12
59463,20
59464,48
59465,19
59466,21
59467,23
59468,13
59469,1
59471,20
59472,75
59474,45
59477,34
59479,55
59480,28
59482,67
59483,36
59484,27
59485,12
59486,48
59487,44
59489,21
59501,62
59520,31
59521,98
59522,64
59523,40
59524,79
59525,24
59526,93
59527,92
59528,39
59529,25
59530,31
59531,4
59532,42
59535,67
59537,1
59538,28
59540,7
59542,23
59544,73
59545,7
59546,50
59547,11
59601,46
59602,9
59631,44
59632,54
59633,8
59634,4
59635,30
59636,
59638,15
59639,22
59640,22
59642,35
59643,25
59644,22
59645,19
59647,14
59648,20
59701,58
59703,1
59710,34
59711,61
59713,46
59714,24
59715,41
59716,28
59718,28
59720,5
59721,12
59722,47
59724,31
59725,43
59727,28
59728,13
59729,6
59730,16
59731,26
59732,27
59733,31
59735,22
59736,3
59739,54
59740,27
59741,18
59743,41
59745,9
59746,14
59747,22
59748,3
59749,12
59750,4
59751,27
59752,16
59754,9
59755,25
59756,74
59758,43
59759,32
59760,15
59761,5
59762,23
59801,76
59802,58
59803,12
59804,37
59808,40
59820,44
59821,52
59823,7
59824,34
59825,26
59826,7
59827,14
59828,27
59829,45
59830,66
59831,69
59832,29
59833,7
59834,4
59837,10
59840,41
59841,64
59842,28
59843,19
59844,49
59845,68
59846,11
59847,13
59848,34
59851,14
59853,45
59854,22
59855,98
59856,68
59858,17
59859,39
59860,44
59863,53
59864,75
59865,60
59866,64
59867,17
59868,20
59870,35
59871,52
59872,53
59873,31
59874,21
59875,30
59901,35
59910,6
59911,17
59912,21
59913,11
59914,24
59915,67
59916,8
59917,60
59918,17
59919,39
59920,20
59922,21
59923,44
59925,39
59926,53
59927,40
59928,3
59929,13
59930,14
59931,36
59932,5
59933,33
59934,23
59935,32
59936,32
59937,18
60002,15
60004,9
60005,32
60007,19
60008,42
60010,3
60012,1
60013,8
60014,19
60015,9
60016,51
60018,60
60020,36
60021,3
60022,1
60025,15
60026,12
60029,1
60030,15
60031,23
60033,80
60034,53
60035,5
60040,81
60041,25
60042,14
60043,3
60044,16
60045,2
60046,7
60047,3
60048,5
60050,31
60051,17
60053,19
60056,30
60060,25
60061,33
60062,8
60064,97
60067,9
60068,6
60069,13
60070,54
60071,48
60072,7
60073,43
60074,62
60076,37
60077,55
60081,6
60083,6
60084,23
60085,96
60087,65
60088,24
60089,5
60090,50
60091,4
60093,2
60096,21
60097,19
60098,52
60099,81
60101,63
60102,7
60103,9
60104,59
60106,67
60107,27
60108,22
60109,17
60110,73
60111,9
60112,34
60113,22
60115,84
60118,16
60119,4
60120,72
60123,68
60124,2
60126,7
60129,37
60130,49
60131,58
60133,52
60134,4
60135,33
60136,6
60137,10
60139,54
60140,10
60141,83
60142,7
60143,11
60144,31
60145,54
60146,35
60148,26
60150,30
60151,6
60152,28
60153,83
60154,7
60155,52
60156,10
60157,1
60160,88
60162,53
60163,30
60164,68
60165,87
60169,35
60171,48
60172,13
60173,39
60174,21
60175,1
60176,69
60177,31
60178,34
60180,8
60181,38
60184,1
60185,46
60187,13
60188,43
60189,8
60190,1
60191,30
60192,1
60193,16
60194,30
60195,49
60201,58
60202,51
60203,9
60301,51
60302,39
60304,18
60305,2
60401,10
60402,73
60403,56
60404,8
60406,93
60407,46
60408,32
60409,86
60410,4
60411,87
60415,75
60416,24
60417,23
60419,83
60420,51
60421,8
60422,23
60423,2
60424,34
60425,47
60426,96
60428,78
60429,68
60430,23
60431,17
60432,93
60433,82
60435,73
60436,83
60437,5
60438,67
60439,9
60440,39
60441,23
60442,6
60443,32
60444,28
60445,40
60446,27
60447,11
60448,2
60449,6
60450,40
60451,2
60452,25
60453,39
60455,75
60456,31
60457,44
60458,89
60459,52
60460,37
60461,18
60462,11
60463,8
60464,15
60465,35
60466,58
60467,10
60468,22
60469,86
60470,26
60471,73
60472,95
60473,44
60474,23
60475,55
60476,39
60477,29
60478,42
60479,37
60480,14
60481,36
60482,53
60484,54
60487,4
60490,4
60491,7
60501,91
60502,8
60503,12
60504,38
60505,84
60506,73
60510,16
60511,7
60512,1
60513,19
60514,11
60515,10
60516,12
60517,20
60518,54
60519,1
60520,19
60521,1
60523,14
60525,16
60526,20
60527,18
60530,33
60531,24
60532,21
60534,67
60536,29
60537,20
60538,30
60539,10
60540,13
60541,7
60542,15
60543,6
60544,12
60545,48
60546,23
60548,30
60549,1
60550,26
60551,41
60552,15
60553,27
60554,3
60555,24
60556,29
60557,4
60558,1
60559,50
60560,23
60561,6
60563,30
60564,1
60565,3
60585,2
60586,12
60601,44
60602,25
60603,48
60604,66
60605,40
60606,38
60607,68
60608,93
60609,98
60610,52
60611,40
60612,97
60613,45
60614,33
60615,83
60616,88
60617,92
60618,63
60619,91
60620,92
60621,99
60622,53
60623,100
60624,100
60625,77
60626,91
60628,90
60629,90
60630,51
60631,19
60632,92
60633,73
60634,40
60636,97
60637,96
60638,51
60639,94
60640,77
60641,74
60642,47
60643,53
60644,99
60645,86
60646,30
60647,71
60649,94
60651,97
60652,61
60653,95
60654,34
60655,7
60656,42
60657,34
60659,92
60660,76
60661,41
60706,40
60707,54
60712,27
60714,40
60803,55
60804,89
60805,24
60827,95
60901,88
60910,56
60911,10
60912,42
60913,8
60914,25
60915,65
60917,12
60918,31
60919,26
60920,25
60921,71
60922,53
60924,11
60926,1
60927,22
60928,8
60929,74
60930,36
60931,34
60932,27
60933,51
60934,9
60935,25
60936,47
60938,42
60940,12
60941,8
60942,72
60945,16
60946,15
60948,11
60949,51
60950,40
60951,38
60952,47
60953,41
60954,42
60955,53
60957,45
60958,90
60959,62
60960,23
60961,6
60962,65
60963,30
60964,37
60966,41
60968,28
60969,3
60970,55
60973,61
60974,43
61001,20
61006,61
61007,4
61008,61
61010,11
61011,1
61012,52
61013,20
61014,27
61015,11
61016,15
61018,29
61019,5
61020,33
61021,50
61024,18
61025,23
61027,36
61028,28
61030,37
61031,39
61032,70
61036,16
61037,1
61038,13
61039,21
61041,79
61042,59
61043,66
61044,35
61046,26
61047,25
61048,12
61049,39
61050,5
61051,31
61052,5
61053,16
61054,76
61057,4
61059,23
61060,26
61061,39
61062,15
61063,17
61064,44
61065,17
61067,24
61068,61
61070,31
61071,60
61072,7
61073,9
61074,55
61075,10
61077,1
61078,17
61079,26
61080,35
61081,49
61084,24
61085,27
61087,29
61088,8
61089,13
61091,1
61101,97
61102,91
61103,85
61104,99
61107,52
61108,64
61109,80
61111,52
61112,
61114,33
61115,35
61201,82
61230,16
61231,35
61232,10
61234,14
61235,27
61236,38
61238,25
61239,88
61240,4
61241,16
61242,13
61243,4
61244,65
61250,6
61251,1
61252,13
61254,14
61256,22
61257,56
61258,43
61259,9
61260,39
61261,30
61262,1
61263,61
61264,32
61265,60
61270,18
61272,24
61273,9
61274,17
61275,17
61276,9
61277,23
61278,26
61279,3
61281,2
61282,76
61283,58
61284,1
61285,25
61301,77
61310,35
61311,4
61312,22
61313,4
61314,29
61315,78
61316,35
61317,30
61318,64
61319,33
61320,16
61321,6
61322,63
61323,51
61324,1
61325,4
61326,19
61327,16
61328,5
61329,23
61330,6
61331,
61332,1
61333,32
61334,36
61335,5
61336,40
61337,63
61338,53
61340,19
61341,42
61342,68
61344,16
61345,17
61346,65
61348,29
61349,31
61350,58
61353,19
61354,42
61356,40
61358,51
61359,19
61360,44
61361,20
61362,67
61363,40
61364,66
61367,14
61368,29
61369,26
61370,29
61372,17
61373,7
61374,13
61375,12
61376,22
61377,52
61378,31
61379,41
61401,79
61410,64
61411,16
61412,22
61413,11
61414,28
61415,21
61416,73
61417,40
61418,17
61419,12
61420,27
61421,38
61422,53
61423,22
61424,10
61425,17
61426,65
61427,45
61428,27
61430,28
61431,21
61432,9
61433,1
61434,35
61435,17
61436,17
61437,17
61438,13
61439,28
61440,12
61441,38
61442,34
61443,78
61447,8
61448,27
61449,40
61450,22
61451,1
61452,32
61453,32
61454,70
61455,75
61458,47
61459,15
61460,3
61462,74
61465,34
61466,9
61467,12
61468,20
61469,38
61470,46
61471,11
61472,3
61473,23
61474,17
61475,1
61476,23
61477,63
61478,1
61479,44
61480,24
61482,43
61483,32
61484,34
61485,23
61486,31
61488,53
61489,46
61490,8
61491,22
61501,55
61516,31
61517,5
61519,58
61520,66
61523,38
61524,34
61525,4
61526,6
61528,1
61529,37
61530,47
61531,30
61532,21
61533,35
61534,8
61535,9
61536,7
61537,30
61539,23
61540,26
61541,30
61542,47
61543,29
61544,19
61545,12
61546,31
61547,1
61548,6
61550,13
61552,39
61553,71
61554,57
61559,24
61560,16
61561,11
61562,10
61563,42
61564,36
61565,16
61567,59
61568,3
61569,3
61570,40
61571,12
61572,32
61602,79
61603,97
61604,71
61605,99
61606,82
61607,15
61610,47
61611,25
61614,33
61615,41
61616,56
61625,1
61701,71
61704,19
61705,3
61720,40
61721,21
61722,40
61723,18
61724,19
61725,2
61726,21
61727,41
61728,27
61729,2
61730,1
61731,12
61732,4
61733,13
61734,25
61735,19
61736,3
61737,44
61738,25
61739,34
61740,19
61741,20
61742,1
61743,30
61744,10
61745,16
61747,12
61748,1
61749,20
61750,26
61751,12
61752,25
61753,6
61754,30
61755,5
61756,5
61759,26
61760,16
61761,52
61764,75
61769,38
61770,7
61771,8
61772,6
61773,26
61774,28
61775,26
61776,4
61777,18
61778,7
61801,83
61802,73
61810,16
61811,39
61812,40
61813,24
61814,36
61815,24
61816,28
61817,17
61818,22
61820,87
61821,62
61822,20
61830,7
61831,23
61832,87
61833,49
61834,27
61839,12
61840,8
61841,9
61842,37
61843,11
61844,20
61845,3
61846,49
61847,7
61848,17
61849,17
61850,37
61851,29
61852,39
61853,9
61854,9
61855,48
61856,8
61857,18
61858,26
61859,4
61862,5
61863,13
61864,6
61865,24
61866,81
61870,31
61871,1
61872,14
61873,13
61874,53
61875,24
61876,8
61877,10
61878,24
61880,24
61882,33
61883,52
61884,3
61910,69
61911,49
61912,42
61913,40
61914,18
61917,31
61919,9
61920,69
61924,19
61925,3
61928,7
61929,44
61930,28
61931,51
61932,47
61933,70
61936,3
61937,31
61938,70
61940,51
61941,56
61942,19
61943,40
61944,49
61949,26
61951,36
61953,46
61955,76
61956,32
61957,45
62001,10
62002,76
62006,5
62009,75
62010,34
62011,35
62012,18
62013,20
62014,43
62015,28
62016,21
62017,45
62018,82
62019,52
62021,4
62022,17
62023,23
62024,53
62025,22
62027,11
62028,20
62030,69
62031,40
62032,41
62033,49
62034,20
62035,25
62036,8
62037,32
62040,69
62044,24
62045,16
62046,20
62047,39
62048,44
62049,61
62050,69
62051,59
62052,24
62053,62
62054,39
62056,59
62058,54
62059,94
62060,89
62061,13
62062,20
62063,45
62065,1
62067,9
62069,29
62070,
62074,15
62075,43
62076,12
62077,33
62078,58
62079,44
62080,54
62081,34
62082,46
62083,1
62084,58
62085,74
62086,36
62087,86
62088,35
62089,56
62090,92
62091,36
62092,55
62093,50
62094,58
62095,70
62097,8
62098,1
62201,100
62203,74
62204,99
62205,89
62206,92
62207,96
62208,37
62214,9
62215,38
62216,5
62217,52
62218,8
62219,45
62220,56
62221,39
62223,32
62225,17
62226,50
62230,9
62231,21
62232,48
62233,72
62234,52
62236,8
62237,19
62238,40
62239,74
62240,71
62241,8
62242,44
62243,20
62244,7
62245,30
62246,63
62248,47
62249,29
62250,10
62253,59
62254,29
62255,13
62257,27
62258,16
62260,12
62261,7
62262,27
62263,24
62264,47
62265,14
62266,2
62268,13
62269,17
62271,30
62272,67
62273,29
62274,73
62275,11
62277,19
62278,22
62279,
62280,36
62281,1
62282,20
62284,59
62285,2
62286,51
62288,26
62289,74
62292,74
62293,16
62294,13
62295,3
62297,28
62298,6
62301,70
62305,13
62311,40
62312,50
62313,17
62314,28
62316,38
62319,42
62320,16
62321,22
62323,3
62324,72
62325,8
62326,41
62330,37
62334,68
62336,19
62338,10
62339,25
62340,44
62341,30
62343,17
62344,11
62345,4
62346,21
62347,19
62348,1
62349,22
62351,30
62352,66
62353,67
62354,25
62355,66
62356,65
62357,63
62358,30
62359,18
62360,13
62361,52
62362,27
62363,46
62365,34
62366,60
62367,63
62370,5
62373,2
62374,1
62375,27
62376,18
62378,8
62379,32
62380,63
62401,47
62410,22
62411,21
62413,32
62414,48
62417,31
62418,50
62419,18
62420,36
62421,4
62422,51
62423,7
62424,27
62425,23
62426,59
62427,40
62428,38
62431,36
62432,29
62433,29
62434,16
62436,50
62438,32
62439,62
62440,38
62441,35
62442,36
62443,19
62444,29
62445,57
62446,19
62447,29
62448,48
62449,58
62450,64
62451,38
62452,29
62454,53
62458,36
62459,36
62460,39
62461,9
62462,2
62463,26
62465,1
62466,69
62467,1
62468,38
62469,8
62471,64
62473,34
62474,25
62475,34
62476,26
62477,44
62478,19
62479,9
62480,53
62481,20
62501,11
62510,33
62512,4
62513,50
62514,25
62515,29
62517,57
62518,15
62519,1
62520,14
62521,59
62522,76
62523,98
62526,77
62530,10
62531,30
62532,3
62533,44
62534,38
62535,1
62536,35
62537,18
62538,31
62539,26
62540,60
62541,11
62543,48
62544,7
62545,1
62546,12
62547,6
62548,3
62549,12
62550,19
62551,12
62553,7
62554,10
62555,10
62556,19
62557,45
62558,21
62560,22
62561,49
62563,4
62565,34
62567,26
62568,50
62570,54
62571,41
62572,19
62573,32
62601,36
62610,54
62611,11
62612,34
62613,13
62615,24
62617,36
62618,81
62621,46
62622,16
62624,19
62625,11
62626,55
62627,17
62628,30
62629,6
62630,9
62631,50
62633,43
62634,8
62635,16
62638,24
62639,30
62640,24
62642,23
62643,8
62644,52
62649,64
62650,63
62655,42
62656,54
62661,53
62663,17
62664,46
62665,51
62666,10
62667,44
62668,22
62670,11
62671,18
62672,51
62673,20
62674,40
62675,40
62677,5
62681,59
62682,12
62684,3
62685,39
62688,26
62689,26
62690,30
62691,28
62692,38
62693,12
62694,27
62695,16
62701,97
62702,87
62703,91
62704,61
62707,32
62711,2
62712,4
62801,75
62803,30
62806,32
62807,51
62808,47
62809,18
62810,56
62811,75
62812,66
62814,47
62815,29
62816,42
62817,35
62818,20
62819,59
62820,4
62821,46
62822,75
62823,26
62824,43
62825,38
62827,70
62828,48
62829,11
62830,52
62831,28
62832,63
62833,7
62835,58
62836,30
62837,58
62838,40
62839,69
62841,62
62842,20
62843,43
62844,50
62846,86
62848,35
62849,34
62850,33
62851,6
62852,10
62853,22
62854,47
62856,61
62858,55
62859,26
62860,10
62861,62
62862,14
62863,39
62864,70
62865,27
62867,40
62868,30
62869,42
62870,58
62871,14
62872,40
62874,68
62875,18
62876,26
62877,34
62878,10
62879,75
62880,21
62881,63
62882,73
62883,19
62884,27
62885,64
62886,21
62887,22
62888,30
62889,24
62890,44
62891,56
62892,43
62893,29
62894,17
62895,29
62896,73
62897,58
62898,27
62899,72
62901,82
62902,55
62903,79
62905,21
62906,70
62907,49
62908,41
62910,45
62912,52
62914,83
62915,39
62916,40
62917,68
62918,33
62919,40
62920,42
62921,55
62922,23
62923,28
62924,54
62926,62
62927,73
62928,55
62930,64
62931,48
62932,55
62933,37
62934,55
62935,65
62938,56
62939,10
62940,75
62941,28
62942,77
62943,63
62946,74
62947,17
62948,63
62949,70
62950,11
62951,29
62952,60
62953,86
62954,72
62956,44
62957,61
62958,28
62959,54
62960,62
62961,43
62962,
62963,87
62964,73
62965,47
62966,75
62967,34
62969,30
62970,72
62972,18
62974,13
62975,18
62976,37
62977,53
62979,38
62982,78
62983,39
62984,81
62985,15
62987,46
62988,49
62990,65
62992,34
62994,8
62995,58
62996,32
62997,73
62998,43
62999,76
63005,1
63010,38
63011,5
63012,14
63013,14
63014,11
63015,50
63016,41
63017,5
63019,45
63020,54
63021,5
63023,58
63025,4
63026,24
63028,28
63030,48
63031,48
63033,59
63034,11
63036,9
63037,19
63038,2
63039,49
63040,3
63041,46
63042,62
63043,30
63044,66
63045,
63047,2
63048,50
63049,29
63050,18
63051,35
63052,24
63053,25
63055,29
63056,18
63057,20
63060,53
63061,10
63068,14
63069,32
63070,58
63071,82
63072,38
63073,1
63074,79
63077,63
63079,
63080,66
63084,42
63087,69
63088,50
63089,30
63090,28
63091,14
63101,62
63102,60
63103,82
63104,66
63105,29
63106,99
63107,95
63108,77
63109,26
63110,55
63111,98
63112,88
63113,94
63114,74
63115,94
63116,78
63117,18
63118,96
63119,16
63120,99
63121,88
63122,4
63123,32
63124,8
63125,56
63126,6
63127,17
63128,8
63129,9
63130,55
63131,1
63132,44
63133,99
63134,87
63135,75
63136,92
63137,90
63138,87
63139,35
63140,96
63141,5
63143,61
63144,10
63146,24
63147,95
63155,
63301,35
63303,14
63304,2
63330,47
63332,5
63333,48
63334,64
63336,52
63339,69
63341,1
63343,76
63344,34
63345,13
63347,50
63348,2
63349,33
63350,30
63351,28
63352,43
63353,59
63357,22
63359,64
63361,66
63362,38
63363,70
63366,17
63367,1
63368,6
63369,44
63370,
63373,16
63376,7
63377,34
63379,25
63381,65
63382,67
63383,57
63384,63
63385,11
63386,17
63387,73
63388,52
63389,31
63390,50
63401,72
63430,74
63431,17
63432,20
63433,
63434,34
63435,57
63436,60
63437,62
63438,1
63439,62
63440,55
63441,43
63443,44
63445,50
63446,59
63447,74
63448,40
63450,6
63451,1
63452,24
63453,6
63454,45
63456,55
63457,22
63458,50
63459,13
63460,1
63461,43
63462,35
63463,56
63464,
63465,34
63467,1
63468,46
63469,16
63471,3
63472,68
63473,5
63474,41
63501,70
63530,50
63531,23
63532,39
63533,18
63534,21
63535,26
63536,34
63537,59
63538,34
63539,51
63540,39
63541,26
63543,72
63544,36
63545,36
63546,43
63547,55
63548,49
63549,62
63551,31
63552,57
63555,59
63556,63
63557,43
63558,33
63559,44
63560,21
63561,64
63563,51
63565,51
63566,43
63567,46
63601,82
63620,80
63621,76
63622,42
63623,59
63624,66
63625,11
63626,50
63627,49
63628,47
63629,40
63630,74
63631,24
63633,89
63636,64
63637,51
63638,68
63640,52
63645,53
63648,67
63650,65
63653,83
63654,17
63655,39
63656,27
63660,74
63662,15
63663,98
63664,63
63665,25
63666,53
63670,32
63673,38
63674,
63675,10
63701,54
63703,88
63730,58
63732,5
63735,78
63736,45
63738,
63739,45
63740,43
63742,49
63743,1
63744,64
63745,67
63746,35
63747,17
63748,24
63750,5
63751,60
63755,34
63758,2
63760,21
63763,24
63764,71
63766,21
63767,80
63769,32
63770,57
63771,54
63774,49
63775,35
63780,77
63781,28
63782,47
63783,1
63784,82
63785,28
63787,66
63801,77
63820,67
63821,75
63822,62
63823,62
63824,93
63825,74
63826,20
63827,50
63828,69
63829,97
63830,92
63833,15
63834,89
63837,87
63839,82
63841,71
63845,84
63846,64
63847,76
63848,75
63849,50
63851,98
63852,87
63853,73
63855,59
63857,86
63860,55
63862,87
63863,84
63866,70
63867,70
63868,89
63869,91
63870,92
63873,81
63874,78
63876,86
63877,90
63878,37
63879,63
63880,79
63882,87
63901,81
63902,
63932,67
63933,88
63934,40
63935,67
63936,73
63937,41
63939,69
63940,29
63941,39
63942,39
63943,41
63944,62
63945,57
63951,71
63952,80
63953,72
63954,91
63955,61
63956,57
63957,79
63960,51
63961,72
63962,88
63964,71
63965,64
63966,54
63967,74
64001,21
64011,36
64012,42
64014,19
64015,27
64016,35
64017,33
64018,3
64019,12
64020,42
64021,24
64022,43
64024,44
64029,14
64030,71
64034,1
64035,29
64036,67
64037,81
64040,39
64048,7
64050,87
64052,76
64053,96
64054,76
64055,40
64056,64
64057,42
64058,29
64060,7
64061,28
64062,35
64063,30
64064,4
64065,11
64066,46
64067,40
64068,20
64070,4
64071,34
64072,23
64074,12
64075,32
64076,38
64077,25
64078,14
64079,27
64080,34
64081,8
64082,1
64083,8
64084,35
64085,60
64086,13
64088,13
64089,14
64090,45
64092,11
64093,60
64096,45
64097,40
64098,21
64101,17
64102,
64105,53
64106,97
64108,89
64109,84
64110,72
64111,57
64112,39
64113,1
64114,21
64116,59
64117,79
64118,64
64119,27
64120,66
64123,93
64124,94
64125,98
64126,100
64127,98
64128,96
64129,81
64130,90
64131,76
64132,92
64133,59
64134,89
64136,75
64137,60
64138,58
64139,8
64145,9
64146,5
64147,98
64149,18
64150,82
64151,39
64152,4
64153,43
64154,21
64155,14
64156,11
64157,1
64158,19
64161,58
64163,70
64164,12
64165,1
64166,1
64167,2
64192,
64401,39
64402,46
64420,5
64421,26
64422,20
64423,4
64424,68
64426,50
64427,27
64428,60
64429,62
64430,38
64431,25
64432,44
64433,22
64434,18
64436,6
64437,31
64438,20
64439,10
64440,21
64441,39
64442,60
64443,10
64444,22
64445,55
64446,34
64448,13
64449,35
64451,21
64453,14
64454,27
64455,23
64456,42
64457,19
64458,18
64459,2
64461,21
64463,43
64465,32
64466,37
64467,29
64468,62
64469,27
64470,27
64471,13
64473,31
64474,11
64475,43
64476,43
64477,23
64479,66
64480,10
64481,53
64482,26
64483,7
64484,56
64485,28
64486,23
64487,53
64489,57
64490,10
64491,55
64492,9
64493,29
64494,29
64496,53
64497,35
64498,14
64499,66
64501,96
64503,72
64504,71
64505,58
64506,48
64507,59
64601,64
64620,19
64622,49
64623,27
64624,20
64625,43
64628,61
64630,25
64631,32
64632,42
64633,67
64635,38
64636,53
64637,45
64638,19
64639,37
64640,48
64641,11
64642,56
64643,24
64644,59
64645,3
64646,34
64647,54
64648,60
64649,18
64650,45
64651,25
64652,43
64653,14
64654,22
64655,6
64656,57
64657,10
64658,40
64659,11
64660,5
64661,42
64664,20
64667,22
64668,48
64670,42
64671,54
64672,84
64673,33
64674,16
64676,22
64679,81
64681,71
64682,20
64683,60
64686,22
64688,51
64689,23
64701,61
64720,43
64722,25
64723,37
64724,62
64725,27
64726,10
64728,32
64730,61
64733,57
64734,32
64735,70
64738,38
64739,21
64740,51
64741,12
64742,25
64743,83
64744,59
64745,4
64746,52
64747,29
64748,79
64750,68
64752,54
64755,33
64756,27
64759,76
64761,40
64762,52
64763,59
64765,45
64767,23
64769,56
64770,31
64771,26
64772,58
64776,54
64778,68
64779,63
64780,28
64781,9
64783,38
64784,62
64788,52
64790,46
64801,73
64804,51
64830,64
64831,62
64832,25
64833,19
64834,42
64835,74
64836,77
64840,14
64841,31
64842,56
64843,50
64844,49
64847,84
64848,49
64849,29
64850,71
64854,94
64855,20
64856,46
64857,51
64858,1
64859,60
64861,86
64862,31
64863,86
64865,50
64866,45
64867,60
64870,62
64873,3
64874,91
65001,16
65010,20
65011,71
65013,67
65014,54
65016,2
65017,37
65018,42
65020,40
65023,23
65024,26
65025,63
65026,60
65032,16
65034,71
65035,23
65037,36
65039,16
65040,20
65041,20
65043,40
65046,9
65047,66
65048,11
65049,39
65050,38
65051,35
65052,34
65053,9
65054,1
65058,20
65059,37
65061,60
65062,1
65063,16
65064,19
65065,54
65066,29
65067,48
65068,36
65069,31
65072,41
65074,25
65075,22
65076,20
65077,24
65078,68
65079,24
65080,14
65081,70
65082,49
65083,14
65084,67
65085,22
65101,46
65109,46
65201,74
65202,53
65203,39
65215,1
65230,53
65231,17
65232,35
65233,49
65236,44
65237,48
65239,13
65240,34
65243,71
65244,10
65246,27
65247,11
65248,41
65250,39
65251,55
65254,16
65255,46
65256,12
65257,28
65258,24
65259,19
65260,14
65261,42
65262,33
65263,48
65264,12
65265,65
65270,75
65274,54
65275,36
65276,49
65278,17
65279,5
65280,24
65281,39
65282,28
65283,10
65284,15
65285,32
65286,18
65287,19
65301,70
65305,25
65320,9
65321,9
65322,36
65323,39
65324,25
65325,48
65326,52
65327,16
65329,18
65330,49
65332,32
65333,48
65334,28
65335,44
65336,44
65337,73
65338,71
65339,37
65340,69
65344,51
65345,6
65347,30
65348,67
65349,61
65350,31
65351,37
65354,28
65355,49
65360,73
65401,73
65436,3
65438,82
65439,9
65440,24
65441,55
65443,1
65444,54
65446,44
65449,24
65452,44
65453,78
65456,46
65457,5
65459,67
65461,23
65462,34
65463,40
65464,73
65466,75
65468,
65470,17
65473,42
65479,33
65483,80
65484,
65486,24
65501,27
65529,11
65534,15
65535,50
65536,64
65541,11
65542,81
65543,2
65548,70
65550,57
65552,39
65555,62
65556,66
65557,10
65559,63
65560,72
65564,9
65565,58
65566,74
65567,30
65570,44
65571,69
65580,1
65582,61
65583,49
65584,66
65586,
65588,72
65589,60
65590,52
65591,56
65601,19
65603,15
65604,49
65605,52
65606,73
65608,56
65609,62
65610,26
65611,50
65612,18
65613,64
65614,39
65616,61
65617,20
65618,29
65619,19
65620,19
65622,56
65623,38
65624,10
65625,78
65626,78
65627,45
65629,65
65630,1
65631,32
65632,64
65633,55
65634,69
65635,44
65637,58
65638,58
65640,55
65641,29
65644,40
65646,31
65647,52
65648,16
65649,56
65650,49
65652,57
65653,64
65654,67
65655,83
65656,50
65657,1
65658,25
65660,35
65661,70
65662,48
65663,50
65664,91
65667,87
65668,53
65669,20
65672,53
65674,79
65676,48
65679,38
65680,44
65681,15
65682,52
65685,43
65686,21
65689,79
65690,20
65692,63
65702,33
65704,69
65705,67
65706,59
65707,37
65708,63
65710,19
65711,69
65712,58
65713,40
65714,32
65715,
65717,76
65720,54
65721,28
65722,29
65723,60
65724,41
65725,22
65727,16
65728,
65729,59
65730,
65731,14
65732,45
65733,61
65734,72
65735,11
65737,58
65738,45
65739,25
65740,85
65742,19
65744,8
65745,75
65746,77
65747,47
65752,31
65753,47
65754,31
65755,29
65756,50
65757,18
65759,48
65760,19
65761,41
65762,68
65764,74
65766,56
65767,20
65768,72
65769,80
65770,49
65771,9
65772,61
65773,14
65774,55
65775,61
65777,21
65778,38
65779,47
65781,24
65783,27
65784,
65785,56
65786,38
65787,17
65788,48
65789,73
65790,52
65791,63
65793,58
65802,84
65803,78
65804,46
65806,95
65807,70
65809,5
65810,17
66002,50
66006,17
66007,14
66008,7
66010,41
66012,34
66013,1
66014,35
66015,43
66016,42
66017,18
66018,34
66019,73
66020,8
66021,7
66023,46
66024,78
66025,25
66026,20
66027,39
66030,26
66031,
66032,43
66033,14
66035,42
66039,37
66040,73
66041,13
66042,7
66043,33
66044,69
66045,2
66046,73
66047,57
66048,56
66049,30
66050,28
66052,19
66053,8
66054,32
66056,37
66058,12
66060,59
66061,32
66062,11
66064,44
66066,25
66067,46
66070,4
66071,7
66072,44
66073,9
66075,46
66076,17
66078,14
66079,41
66080,22
66083,9
66085,1
66086,8
66087,27
66088,21
66090,48
66091,59
66092,12
66093,26
66094,37
66095,13
66097,22
66101,99
66102,98
66103,84
66104,88
66105,91
66106,73
66109,14
66111,64
66112,70
66115,
66118,
66202,43
66203,43
66204,48
66205,6
66206,1
66207,4
66208,3
66209,7
66210,16
66211,11
66212,24
66213,14
66214,59
66215,28
66216,7
66217,37
66218,4
66219,27
66220,1
66221,2
66223,23
66224,1
66226,1
66227,2
66401,3
66402,7
66403,19
66404,18
66406,21
66407,13
66408,41
66409,1
66411,39
66412,14
66413,32
66414,39
66415,20
66416,20
66417,2
66418,6
66419,19
66422,10
66423,26
66424,4
66425,14
66427,8
66428,3
66429,7
66431,9
66432,27
66434,37
66436,53
66438,1
66439,58
66440,2
66441,62
66442,53
66449,24
66451,21
66501,10
66502,75
66503,23
66506,54
66507,4
66508,29
66509,39
66510,55
66512,18
66514,1
66515,4
66516,22
66517,76
66518,1
66520,4
66521,30
66522,79
66523,80
66524,18
66526,7
66527,70
66528,60
66531,6
66532,26
66533,19
66534,23
66535,28
66536,10
66537,37
66538,13
66539,9
66540,31
66541,31
66542,1
66543,14
66544,20
66546,1
66547,24
66548,10
66549,15
66550,23
66552,19
66554,2
66603,96
66604,65
66605,61
66606,72
66607,94
66608,76
66609,50
66610,1
66611,41
66612,96
66614,44
66615,25
66616,67
66617,7
66618,2
66619,68
66621,2
66622,
66701,52
66710,40
66711,66
66712,62
66713,59
66714,38
66716,46
66717,35
66720,75
66724,21
66725,53
66728,
66732,37
66733,24
66734,4
66735,59
66736,61
66738,9
66739,47
66740,26
66741,1
66743,56
66746,53
66748,35
66749,60
66751,34
66753,15
66754,47
66755,38
66756,56
66757,44
66758,73
66760,
66761,10
66762,79
66763,18
66767,36
66769,68
66770,34
66771,11
66772,6
66773,31
66775,55
66776,79
66777,59
66778,
66779,33
66780,22
66781,66
66782,45
66783,47
66801,76
66830,11
66833,5
66834,19
66835,23
66838,1
66839,51
66840,32
66842,23
66843,23
66845,36
66846,26
66849,14
66850,36
66851,56
66852,32
66853,31
66854,44
66856,18
66857,41
66858,22
66859,23
66860,36
66861,20
66862,27
66863,33
66864,21
66865,2
66866,9
66868,20
66869,28
66870,7
66871,24
66872,32
66873,20
66901,44
66930,44
66932,36
66933,24
66935,26
66936,67
66937,34
66938,25
66939,12
66940,14
66941,33
66942,44
66943,50
66944,9
66945,26
66946,17
66948,4
66949,30
66951,6
66952,27
66953,32
66955,55
66956,13
66958,22
66959,26
66960,19
66962,1
66963,36
66964,11
66966,23
66967,26
66968,22
66970,3
67001,7
67002,19
67003,63
67004,19
67005,62
67008,4
67009,42
67010,38
67012,
67013,35
67016,20
67017,9
67018,67
67019,16
67020,42
67021,1
67022,46
67023,30
67024,64
67025,12
67026,26
67028,20
67029,22
67030,7
67031,22
67035,22
67036,1
67037,12
67038,42
67039,17
67041,5
67042,60
67045,53
67047,46
67049,18
67050,14
67051,37
67052,15
67053,15
67054,36
67055,3
67056,36
67057,41
67058,35
67059,19
67060,35
67061,58
67062,22
67063,20
67065,1
67066,23
67067,3
67068,30
67070,36
67071,34
67072,45
67073,39
67074,18
67101,30
67103,1
67104,53
67105,23
67106,45
67107,21
67108,7
67109,9
67110,11
67111,23
67112,2
67114,42
67117,29
67118,29
67119,34
67120,2
67122,3
67123,24
67124,48
67127,29
67131,22
67132,39
67133,15
67134,63
67135,15
67137,15
67138,13
67140,14
67142,5
67143,16
67144,19
67146,22
67147,8
67149,1
67150,50
67151,15
67152,51
67154,15
67155,28
67156,58
67159,3
67202,79
67203,81
67204,48
67205,3
67206,24
67207,71
67208,70
67209,24
67210,90
67211,96
67212,42
67213,94
67214,99
67215,6
67216,89
67217,71
67218,87
67219,79
67220,64
67223,13
67226,25
67227,18
67228,3
67230,1
67232,61
67235,1
67260,
67301,55
67330,18
67332,35
67333,44
67334,56
67335,64
67336,83
67337,81
67340,38
67341,2
67342,13
67344,37
67345,50
67346,16
67347,21
67349,42
67351,17
67352,41
67353,60
67354,39
67355,42
67356,50
67357,64
67360,67
67361,62
67363,2
67364,5
67401,48
67410,34
67416,6
67417,57
67418,56
67420,43
67422,19
67423,29
67425,21
67427,13
67428,29
67430,45
67431,26
67432,23
67436,29
67437,19
67438,22
67439,22
67441,57
67442,10
67443,18
67444,19
67445,13
67446,21
67447,19
67448,8
67449,57
67450,14
67451,53
67452,3
67454,49
67455,30
67456,27
67457,30
67458,37
67459,34
67460,36
67464,40
67466,43
67467,9
67468,23
67470,62
67473,45
67474,49
67475,37
67478,42
67480,21
67481,2
67482,13
67483,43
67484,26
67485,19
67487,9
67490,40
67491,13
67492,6
67501,85
67502,17
67505,70
67510,2
67511,28
67512,43
67513,34
67514,41
67515,9
67516,44
67518,1
67519,73
67520,27
67521,53
67522,16
67523,18
67524,58
67525,11
67526,32
67529,49
67530,61
67543,36
67544,40
67545,19
67546,22
67547,29
67548,27
67550,29
67552,31
67553,33
67554,27
67556,13
67557,48
67559,28
67560,14
67561,48
67563,22
67564,9
67565,21
67566,29
67567,44
67568,34
67570,22
67572,4
67573,15
67574,6
67575,16
67576,19
67578,51
67579,44
67581,16
67583,30
67584,27
67601,50
67621,29
67622,40
67623,38
67625,60
67626,16
67628,6
67629,8
67631,16
67632,48
67634,15
67635,38
67637,26
67638,68
67639,1
67640,16
67642,18
67643,42
67644,5
67645,41
67646,32
67647,8
67648,15
67649,5
67650,3
67651,7
67653,33
67654,23
67656,5
67657,37
67658,15
67659,1
67660,36
67661,42
67663,23
67664,1
67665,51
67667,8
67669,36
67671,9
67672,22
67673,59
67674,8
67675,31
67701,29
67730,26
67731,30
67732,7
67733,6
67734,46
67735,41
67736,19
67737,15
67738,13
67739,37
67740,12
67741,41
67743,1
67744,14
67745,35
67747,37
67748,25
67749,38
67751,12
67752,31
67753,26
67756,21
67757,9
67758,27
67761,4
67762,6
67764,17
67801,77
67831,36
67834,10
67835,33
67836,28
67837,26
67838,59
67839,19
67840,11
67841,19
67842,36
67843,35
67844,53
67846,72
67849,54
67850,37
67851,28
67853,9
67854,16
67855,51
67857,7
67859,44
67860,46
67861,23
67862,29
67863,19
67864,20
67865,21
67867,33
67868,25
67869,37
67870,46
67871,24
67876,6
67877,46
67878,37
67879,34
67880,44
67882,46
67901,80
67950,32
67951,74
67952,22
67953,37
67954,46
68001,1
68002,12
68003,38
68004,25
68005,63
68007,3
68008,24
68010,53
68014,40
68015,18
68016,9
68017,20
68018,2
68019,13
68020,34
68022,5
68023,11
68025,63
68028,3
68029,30
68030,15
68031,8
68033,12
68034,1
68036,42
68037,22
68038,25
68039,99
68040,19
68041,17
68042,20
68044,28
68045,44
68046,13
68047,12
68048,19
68050,26
68055,31
68057,18
68058,9
68059,2
68061,46
68062,28
68063,69
68064,44
68065,8
68066,30
68067,87
68068,13
68069,8
68070,24
68071,96
68072,42
68073,1
68102,73
68104,83
68105,92
68106,38
68107,91
68108,94
68110,98
68111,98
68112,77
68113,27
68114,39
68116,7
68117,64
68118,1
68122,21
68123,17
68124,36
68127,46
68128,23
68130,3
68131,95
68132,62
68133,1
68134,57
68135,1
68136,3
68137,22
68138,14
68142,11
68144,14
68147,56
68152,27
68154,19
68157,47
68164,26
68178,1
68301,7
68303,8
68304,11
68305,40
68307,23
68309,57
68310,50
68313,31
68314,5
68315,15
68316,9
68317,1
68318,37
68319,8
68320,7
68321,15
68322,5
68323,26
68324,2
68325,14
68326,18
68327,29
68328,37
68329,23
68331,9
68332,55
68333,73
68335,31
68336,1
68337,21
68338,2
68339,1
68340,35
68341,5
68342,5
68343,5
68344,5
68345,19
68346,19
68347,1
68348,9
68349,5
68350,6
68351,10
68352,55
68354,18
68355,37
68357,1
68358,1
68359,14
68360,15
68361,17
68362,1
68364,1
68365,26
68366,21
68367,35
68368,4
68370,25
68371,9
68372,2
68375,36
68376,37
68377,6
68378,1
68379,14
68380,42
68381,55
68382,28
68401,15
68402,1
68403,1
68404,2
68405,35
68406,36
68407,12
68409,15
68410,53
68413,4
68414,39
68415,8
68416,27
68417,34
68418,17
68419,5
68420,60
68421,74
68422,1
68423,1
68424,5
68428,8
68430,3
68431,19
68433,35
68434,18
68436,20
68437,12
68438,1
68439,7
68440,22
68441,21
68442,28
68443,2
68444,3
68445,15
68446,20
68447,63
68448,50
68450,60
68452,20
68453,10
68454,4
68455,17
68456,21
68457,17
68458,19
68460,1
68461,6
68462,16
68463,20
68464,12
68465,28
68466,27
68467,34
68502,60
68503,91
68504,75
68505,38
68506,32
68507,35
68508,94
68510,42
68512,23
68514,1
68516,11
68517,1
68520,1
68521,59
68522,48
68523,2
68524,45
68526,2
68527,1
68528,60
68531,22
68532,4
68601,44
68620,11
68621,1
68622,44
68623,19
68624,6
68626,10
68627,11
68628,34
68629,15
68631,22
68632,31
68633,16
68634,17
68635,1
68636,10
68637,27
68638,31
68640,25
68641,14
68642,5
68643,5
68644,17
68647,8
68648,29
68649,22
68651,18
68652,7
68653,18
68654,41
68655,18
68658,13
68659,39
68660,23
68661,64
68662,36
68663,31
68664,39
68665,19
68666,15
68667,29
68669,6
68701,55
68710,20
68711,41
68713,17
68714,3
68715,25
68716,44
68717,6
68718,21
68719,38
68720,26
68722,15
68723,5
68724,28
68725,9
68726,42
68727,28
68728,14
68729,7
68730,9
68731,61
68732,8
68733,29
68734,7
68735,5
68736,8
68739,11
68740,2
68741,44
68742,7
68743,48
68745,10
68746,8
68747,5
68748,54
68749,13
68751,7
68752,7
68753,7
68755,17
68756,33
68757,20
68758,25
68759,10
68760,77
68761,64
68763,20
68764,22
68765,11
68766,6
68767,11
68768,21
68769,37
68770,28
68771,23
68773,16
68774,5
68776,76
68777,9
68778,7
68779,11
68780,19
68781,40
68783,49
68784,25
68785,48
68786,8
68787,41
68788,35
68789,25
68790,23
68791,25
68792,22
68801,72
68803,57
68810,45
68812,9
68813,16
68814,22
68815,35
68816,20
68817,35
68818,15
68820,16
68821,9
68822,53
68823,10
68824,17
68825,37
68826,44
68827,22
68828,10
68831,27
68832,11
68833,25
68834,27
68835,27
68836,8
68837,7
68838,5
68840,39
68841,3
68842,26
68843,7
68844,1
68845,48
68846,15
68847,49
68849,2
68850,79
68852,19
68853,29
68854,8
68855,50
68856,35
68858,19
68859,34
68860,42
68861,1
68862,28
68863,36
68864,7
68865,24
68866,5
68869,31
68870,9
68871,32
68872,2
68873,25
68874,38
68875,13
68876,31
68878,15
68879,8
68881,
68882,32
68883,38
68901,58
68920,16
68922,19
68923,2
68924,6
68925,5
68926,59
68927,24
68928,14
68929,56
68930,7
68932,16
68933,6
68934,35
68935,22
68936,58
68937,11
68938,16
68939,38
68940,15
68941,15
68942,28
68943,60
68944,68
68945,21
68946,3
68947,14
68948,57
68949,29
68950,30
68952,63
68954,
68955,1
68956,36
68957,5
68958,1
68959,27
68960,6
68961,10
68964,1
68966,19
68967,43
68969,25
68970,48
68971,10
68972,46
68973,2
68974,25
68975,6
68976,19
68977,49
68978,33
68979,17
68980,6
68981,45
68982,16
69001,29
69020,44
69021,29
69022,14
69023,8
69024,27
69025,56
69026,59
69027,
69028,2
69029,11
69030,79
69032,20
69033,31
69034,30
69036,29
69037,14
69038,41
69039,13
69040,26
69041,3
69042,1
69043,50
69044,43
69045,25
69046,12
69101,45
69120,8
69121,28
69122,27
69123,9
69125,53
69127,13
69128,55
69129,30
69130,62
69131,14
69132,21
69133,18
69134,6
69135,1
69138,23
69140,16
69141,23
69142,7
69143,14
69144,57
69145,48
69146,41
69147,11
69148,10
69149,13
69150,44
69151,6
69152,37
69153,53
69154,8
69155,26
69156,3
69157,29
69161,33
69162,44
69163,19
69165,10
69166,23
69167,43
69168,6
69169,11
69170,28
69171,1
69201,46
69210,26
69211,29
69212,27
69214,8
69216,17
69217,27
69218,27
69219,17
69220,9
69221,17
69301,59
69331,8
69333,20
69334,36
69335,31
69336,39
69337,42
69339,28
69340,20
69341,37
69343,59
69345,11
69346,39
69347,21
69348,28
69350,21
69351,26
69352,64
69353,29
69354,12
69355,13
69356,62
69357,33
69358,37
69360,67
69361,72
69365,1
69366,38
69367,3
70001,61
70002,60
70003,39
70005,34
70006,65
70030,45
70031,17
70032,70
70036,21
70037,48
70038,76
70039,92
70040,71
70041,78
70043,90
70047,26
70049,64
70050,29
70051,45
70052,69
70053,91
70056,81
70057,79
70058,75
70062,93
70065,63
70067,50
70068,58
70070,27
70071,58
70072,72
70075,50
70076,12
70079,23
70080,26
70082,70
70083,90
70084,74
70085,70
70086,89
70087,52
70090,60
70091,70
70092,72
70094,91
70112,95
70113,99
70114,92
70115,61
70116,91
70117,92
70118,85
70119,91
70121,72
70122,83
70123,38
70124,8
70125,91
70126,93
70127,92
70128,78
70129,89
70130,77
70131,76
70139,
70163,
70301,69
70339,40
70340,28
70341,78
70342,79
70343,40
70344,58
70345,57
70346,90
70352,31
70353,73
70354,67
70355,27
70356,80
70357,80
70358,78
70359,51
70360,59
70363,91
70364,67
70372,51
70373,55
70374,71
70375,3
70377,74
70380,81
70390,79
70391,2
70392,76
70393,27
70394,63
70395,58
70397,62
70401,83
70402,2
70403,82
70420,23
70422,76
70426,68
70427,91
70431,42
70433,42
70435,19
70436,82
70437,48
70438,75
70441,62
70442,9
70443,79
70444,75
70445,41
70446,22
70447,3
70448,18
70449,59
70450,68
70451,
70452,44
70453,21
70454,46
70455,8
70456,80
70458,54
70460,69
70461,44
70462,51
70463,84
70464,52
70465,95
70466,73
70471,18
70501,97
70503,27
70506,77
70507,62
70508,36
70510,75
70512,58
70513,23
70514,75
70515,87
70516,37
70517,76
70518,46
70519,21
70520,53
70523,36
70524,71
70525,71
70526,93
70528,80
70529,74
70531,73
70532,55
70533,69
70534,81
70535,86
70537,27
70538,75
70541,88
70542,53
70543,39
70544,82
70546,80
70548,77
70549,90
70550,
70552,89
70554,92
70555,28
70556,90
70558,
70559,79
70560,94
70563,27
70570,89
70575,
70576,91
70577,73
70578,72
70580,10
70581,50
70582,71
70583,78
70584,73
70585,68
70586,90
70589,82
70591,59
70592,38
70601,92
70605,30
70607,85
70611,21
70615,88
70630,22
70631,60
70632,9
70633,62
70634,63
70637,36
70638,23
70639,33
70640,77
70643,20
70644,26
70645,34
70646,76
70647,69
70648,62
70650,14
70651,93
70652,53
70653,63
70654,27
70655,83
70656,63
70657,51
70658,54
70659,73
70660,32
70661,51
70662,48
70663,59
70665,35
70668,64
70669,44
70706,35
70710,26
70711,38
70712,77
70714,55
70715,66
70719,48
70721,85
70722,46
70723,76
70725,25
70726,51
70729,45
70730,63
70732,81
70733,75
70734,26
70736,62
70737,42
70739,11
70740,69
70743,6
70744,59
70747,84
70748,77
70749,50
70750,81
70752,60
70753,66
70754,40
70755,49
70756,31
70757,66
70759,55
70760,92
70761,68
70762,54
70763,16
70764,78
70767,64
70769,20
70770,16
70772,38
70773,46
70774,42
70775,40
70776,48
70777,30
70778,20
70780,20
70782,81
70783,31
70785,48
70787,43
70788,78
70789,57
70791,35
70801,45
70802,98
70803,2
70805,99
70806,86
70807,96
70808,39
70809,24
70810,26
70811,87
70812,89
70814,58
70815,64
70816,56
70817,18
70818,15
70819,40
70820,84
70836,
71001,86
71003,39
71004,56
71006,23
71007,9
71008,46
71016,57
71018,88
71019,73
71021,96
71023,64
71024,58
71027,76
71028,61
71029,33
71030,56
71031,63
71032,34
71033,41
71034,23
71037,36
71038,86
71039,49
71040,87
71043,69
71044,30
71045,15
71046,47
71047,51
71048,13
71049,76
71051,50
71052,94
71055,78
71060,68
71061,72
71063,58
71064,56
71065,91
71067,77
71068,82
71069,50
71070,39
71071,39
71072,29
71073,74
71075,94
71078,54
71079,44
71082,84
71101,99
71103,97
71104,84
71105,43
71106,73
71107,87
71108,94
71109,97
71110,36
71111,70
71112,69
71115,42
71118,57
71119,39
71129,73
71201,68
71202,99
71203,87
71209,1
71219,35
71220,86
71222,78
71223,75
71225,45
71226,66
71227,40
71229,72
71232,87
71233,93
71234,29
71235,56
71237,79
71238,37
71241,55
71243,18
71245,78
71247,83
71250,72
71251,88
71253,58
71254,99
71256,78
71259,61
71260,43
71261,70
71263,66
71264,49
71266,38
71268,14
71269,82
71270,84
71272,2
71275,69
71276,68
71277,34
71279,70
71280,68
71282,98
71286,39
71291,51
71292,64
71295,85
71301,96
71302,94
71303,66
71316,
71322,61
71323,73
71325,85
71326,83
71327,84
71328,27
71331,36
71333,64
71334,80
71336,62
71339,52
71340,65
71341,64
71342,71
71343,66
71345,93
71346,61
71350,90
71351,87
71353,81
71354,42
71355,67
71356,68
71357,77
71358,63
71360,77
71362,50
71366,87
71367,63
71368,85
71369,96
71371,70
71373,76
71375,91
71377,7
71378,90
71401,1
71403,54
71404,51
71405,51
71406,84
71407,36
71409,64
71410,68
71411,79
71414,68
71416,75
71417,71
71418,87
71419,46
71422,53
71423,50
71424,13
71425,42
71426,82
71427,54
71429,41
71430,66
71432,67
71433,61
71435,63
71438,35
71439,47
71441,40
71446,77
71447,53
71449,64
71450,23
71452,23
71454,64
71455,25
71456,60
71457,86
71459,47
71461,85
71462,75
71463,70
71465,47
71466,30
71467,58
71468,85
71469,60
71472,41
71473,27
71474,44
71479,40
71480,46
71483,69
71485,29
71486,84
71601,94
71602,78
71603,74
71630,83
71631,46
71635,44
71638,91
71639,93
71640,96
71642,61
71643,66
71644,86
71646,60
71647,85
71651,11
71652,82
71653,63
71654,80
71655,68
71658,77
71659,65
71660,27
71661,77
71662,58
71663,44
71665,52
71666,68
71667,48
71670,54
71671,80
71674,72
71675,40
71676,59
71677,71
71701,81
71711,69
71720,73
71722,40
71724,57
71725,73
71726,47
71730,73
71740,47
71742,63
71743,65
71744,25
71745,58
71747,46
71749,32
71751,37
71752,91
71753,83
71758,29
71759,16
71762,66
71763,42
71764,48
71765,61
71766,72
71770,58
71772,66
71801,78
71820,1
71822,61
71823,43
71825,62
71826,74
71827,40
71832,69
71833,47
71834,13
71835,50
71836,55
71837,45
71838,49
71839,79
71841,57
71842,68
71845,79
71846,81
71847,28
71851,54
71852,79
71853,46
71854,84
71855,67
71857,58
71858,74
71859,39
71860,83
71861,56
71862,72
71865,77
71866,46
71901,83
71909,20
71913,63
71921,48
71922,28
71923,73
71929,37
71933,53
71935,17
71937,77
71940,32
71941,26
71943,70
71944,66
71945,73
71949,28
71950,19
71952,1
71953,67
71956,68
71957,54
71958,67
71959,26
71960,66
71961,44
71962,23
71964,47
71965,56
71968,15
71969,63
71970,20
71971,42
71972,63
71973,81
71998,1
71999,1
72001,56
72002,36
72003,54
72004,72
72005,28
72006,91
72007,34
72010,81
72011,31
72012,35
72013,39
72014,69
72015,52
72016,46
72017,53
72019,20
72020,54
72021,95
72022,32
72023,39
72024,44
72025,31
72026,39
72027,35
72029,90
72030,46
72031,78
72032,66
72034,53
72035,2
72036,82
72037,3
72038,
72039,47
72040,38
72041,89
72042,65
72044,22
72045,42
72046,79
72047,27
72048,17
72051,64
72055,50
72057,27
72058,34
72059,58
72060,31
72061,13
72063,73
72064,66
72065,37
72067,67
72068,72
72069,77
72070,76
72072,19
72073,42
72074,24
72076,72
72079,30
72080,38
72081,67
72082,90
72083,58
72084,63
72085,88
72086,55
72087,12
72088,11
72099,1
72101,59
72102,58
72103,57
72104,70
72106,66
72107,43
72108,11
72110,77
72111,21
72112,84
72113,38
72114,99
72116,43
72117,93
72118,77
72119,
72120,29
72121,49
72122,9
72123,87
72125,65
72126,48
72127,22
72128,50
72129,42
72130,68
72131,42
72132,47
72134,48
72135,16
72136,23
72137,61
72139,95
72140,33
72141,58
72142,23
72143,67
72149,
72150,35
72152,63
72153,39
72156,22
72157,62
72160,78
72165,65
72166,25
72167,38
72168,72
72169,34
72170,44
72173,36
72175,68
72176,55
72179,45
72181,
72201,62
72202,88
72204,88
72205,58
72206,82
72207,22
72209,91
72210,54
72211,38
72212,7
72223,17
72227,33
72301,95
72311,48
72315,89
72320,17
72321,36
72322,78
72324,40
72325,75
72326,50
72327,82
72328,70
72329,64
72330,52
72331,90
72332,100
72333,94
72335,94
72338,
72339,71
72340,24
72341,39
72342,97
72346,47
72347,80
72348,86
72350,91
72351,94
72353,10
72354,88
72355,51
72358,89
72359,96
72360,91
72364,63
72365,91
72366,87
72367,81
72368,36
72370,97
72372,68
72373,83
72374,49
72376,64
72377,31
72379,
72383,1
72384,97
72386,68
72389,78
72390,96
72392,48
72394,63
72395,51
72396,68
72401,84
72404,42
72410,64
72411,80
72412,49
72413,64
72414,84
72415,41
72416,37
72417,39
72419,74
72421,89
72422,87
72424,77
72425,18
72426,38
72427,56
72428,22
72429,20
72430,67
72431,50
72432,74
72433,72
72434,46
72435,46
72436,49
72437,49
72438,96
72440,28
72441,50
72442,67
72443,67
72444,63
72445,12
72447,72
72449,67
72450,64
72453,37
72454,68
72455,69
72456,37
72457,39
72458,8
72459,52
72460,47
72461,69
72462,86
72464,53
72466,70
72467,2
72469,39
72470,50
72471,48
72472,73
72473,67
72476,69
72478,17
72479,65
72482,69
72501,64
72512,49
72513,62
72515,
72517,39
72519,62
72520,59
72521,76
72522,20
72523,53
72524,49
72526,23
72527,22
72528,
72529,44
72530,51
72531,50
72532,63
72533,29
72534,28
72536,33
72537,18
72538,26
72539,19
72540,47
72542,47
72543,38
72544,51
72546,11
72550,18
72553,40
72554,46
72555,32
72556,55
72560,65
72561,29
72562,64
72564,58
72565,42
72566,45
72567,50
72568,44
72569,57
72571,12
72572,31
72573,3
72576,80
72577,35
72578,1
72579,75
72581,25
72583,61
72584,1
72585,12
72587,28
72601,55
72611,39
72616,52
72617,33
72619,36
72623,17
72624,17
72626,57
72628,37
72629,50
72630,46
72631,13
72632,33
72633,22
72634,49
72635,48
72636,
72638,75
72639,65
72640,7
72641,52
72642,12
72644,40
72645,71
72648,11
72650,62
72651,49
72653,42
72655,34
72658,66
72660,46
72661,50
72662,36
72663,19
72666,20
72668,4
72669,24
72670,1
72672,76
72675,55
72677,85
72679,
72680,20
72682,46
72683,36
72685,46
72686,2
72687,59
72701,79
72703,68
72704,37
72712,30
72714,5
72715,4
72717,37
72718,1
72719,35
72721,35
72722,68
72727,49
72729,6
72730,25
72732,19
72734,52
72736,38
72738,43
72739,19
72740,69
72742,40
72744,74
72745,38
72747,52
72749,55
72751,42
72752,68
72753,20
72756,61
72758,43
72760,6
72761,73
72762,49
72764,91
72768,49
72769,36
72773,25
72774,14
72776,35
72801,93
72802,44
72821,58
72823,48
72824,58
72826,48
72827,60
72828,10
72830,74
72832,68
72833,79
72834,58
72835,31
72837,57
72838,43
72839,23
72840,71
72841,53
72842,63
72843,46
72845,29
72846,68
72847,62
72851,8
72852,
72853,75
72854,51
72855,64
72856,43
72857,56
72858,55
72860,6
72863,42
72865,38
72901,93
72903,66
72904,95
72908,54
72916,16
72921,45
72923,60
72926,63
72927,76
72928,19
72930,55
72932,45
72933,44
72934,46
72935,73
72936,35
72937,47
72938,31
72940,25
72941,37
72943,54
72944,66
72945,55
72946,29
72947,54
72948,22
72949,71
72950,65
72951,55
72952,41
72955,62
72956,68
72958,80
72959,36
73002,39
73003,50
73004,37
73005,78
73006,61
73007,37
73008,68
73009,44
73010,15
73011,32
73012,5
73013,12
73014,35
73015,85
73016,10
73017,45
73018,68
73019,
73020,10
73021,22
73024,25
73025,1
73026,21
73027,47
73028,46
73029,50
73030,71
73032,17
73033,81
73034,26
73036,74
73038,56
73040,75
73041,28
73042,42
73043,60
73044,51
73045,36
73047,59
73048,29
73049,29
73050,90
73051,57
73052,48
73053,48
73054,28
73055,42
73056,11
73057,48
73058,25
73059,36
73061,23
73062,39
73063,35
73064,14
73065,12
73066,56
73067,25
73068,46
73069,73
73071,72
73072,46
73073,14
73074,45
73075,67
73077,33
73078,6
73079,19
73080,46
73082,43
73084,72
73086,61
73089,8
73090,18
73092,66
73093,17
73095,23
73096,63
73097,1
73098,52
73099,27
73102,90
73103,58
73104,71
73105,79
73106,93
73107,79
73108,99
73109,96
73110,80
73111,95
73112,74
73114,90
73115,73
73116,11
73117,92
73118,44
73119,96
73120,48
73121,46
73122,70
73127,96
73128,28
73129,96
73130,33
73131,8
73132,59
73134,38
73135,66
73139,88
73141,46
73142,28
73145,25
73149,92
73150,11
73151,1
73159,73
73160,41
73162,18
73165,13
73169,33
73170,13
73173,8
73179,8
73401,69
73425,37
73430,44
73432,46
73433,34
73434,57
73437,20
73438,62
73439,58
73440,21
73441,55
73442,25
73443,41
73444,56
73446,75
73447,50
73448,61
73449,48
73450,54
73453,16
73455,69
73456,59
73458,49
73459,49
73460,80
73461,77
73463,39
73481,49
73487,56
73491,74
73501,93
73503,46
73505,74
73507,75
73520,23
73521,76
73526,43
73527,20
73528,41
73529,43
73530,55
73531,1
73532,27
73533,61
73537,51
73538,30
73539,16
73540,26
73541,31
73542,67
73543,46
73544,57
73546,80
73547,70
73548,36
73549,29
73550,66
73551,55
73552,36
73553,1
73554,82
73555,26
73556,65
73557,4
73559,77
73560,73
73562,20
73564,42
73565,81
73566,75
73567,66
73568,66
73569,64
73570,44
73571,17
73572,73
73573,72
73601,70
73620,40
73622,12
73624,71
73625,46
73626,49
73627,17
73628,53
73632,68
73638,66
73639,54
73641,29
73642,12
73644,68
73645,64
73646,20
73647,7
73650,50
73651,76
73654,30
73655,25
73658,16
73659,23
73660,50
73661,12
73662,68
73663,35
73664,47
73666,29
73667,18
73669,58
73673,32
73701,86
73703,26
73705,1
73716,18
73717,51
73718,21
73719,25
73720,29
73722,10
73724,26
73726,43
73727,13
73728,44
73729,21
73730,38
73731,24
73733,24
73734,46
73735,32
73736,13
73737,35
73738,34
73739,11
73741,29
73742,54
73743,6
73744,10
73746,27
73747,37
73749,7
73750,44
73753,10
73754,25
73755,48
73756,7
73757,18
73758,4
73759,17
73760,37
73761,1
73762,18
73763,49
73764,48
73766,27
73768,49
73771,24
73772,50
73773,32
73801,48
73832,17
73834,51
73835,15
73838,15
73840,38
73841,63
73842,18
73843,68
73844,32
73848,48
73851,66
73852,31
73853,16
73855,68
73857,8
73858,60
73859,17
73860,35
73901,63
73931,29
73932,44
73933,49
73937,56
73938,57
73939,71
73942,78
73944,57
73945,33
73946,28
73947,39
73949,53
73950,43
73951,39
74001,39
74002,29
74003,80
74006,26
74008,14
74010,67
74011,17
74012,32
74014,17
74015,54
74016,59
74017,49
74019,20
74020,49
74021,22
74022,26
74023,65
74026,68
74027,48
74028,37
74029,59
74030,68
74032,32
74033,33
74034,55
74035,80
74036,51
74037,31
74038,45
74039,58
74041,39
74042,68
74044,50
74045,36
74046,39
74047,29
74048,66
74050,77
74051,31
74052,64
74053,32
74054,67
74055,18
74056,66
74058,63
74059,48
74060,70
74061,35
74062,22
74063,36
74066,47
74068,
74070,43
74071,37
74072,23
74073,46
74074,60
74075,75
74078,2
74079,59
74080,32
74081,44
74082,25
74083,34
74084,36
74085,58
74103,73
74104,74
74105,60
74106,98
74107,88
74108,87
74110,98
74112,78
74114,14
74115,96
74116,97
74117,8
74119,68
74120,66
74126,94
74127,83
74128,87
74129,90
74130,85
74131,44
74132,27
74133,48
74134,72
74135,66
74136,82
74137,25
74145,73
74146,98
74301,74
74330,48
74331,51
74332,42
74333,49
74337,57
74338,65
74339,89
74340,58
74342,75
74343,63
74344,50
74346,73
74347,59
74349,73
74350,69
74352,66
74354,75
74358,64
74359,80
74360,14
74361,65
74363,61
74364,53
74365,73
74366,60
74367,59
74368,95
74369,35
74370,59
74401,89
74403,79
74421,55
74422,31
74423,56
74425,62
74426,62
74427,39
74428,49
74429,39
74430,45
74431,61
74432,56
74434,51
74435,65
74436,48
74437,73
74438,60
74441,70
74442,50
74445,61
74446,62
74447,83
74450,25
74451,51
74452,22
74454,48
74455,71
74456,20
74457,59
74458,37
74459,21
74460,55
74462,67
74463,91
74464,80
74467,72
74468,58
74469,73
74470,75
74471,49
74472,56
74477,11
74501,65
74521,68
74522,28
74523,75
74525,74
74528,45
74530,20
74531,68
74533,62
74534,50
74535,44
74536,77
74538,79
74540,54
74543,26
74546,82
74547,58
74549,43
74552,67
74553,64
74554,67
74555,49
74556,40
74557,54
74558,58
74560,49
74561,59
74562,47
74563,48
74565,48
74567,11
74569,39
74570,45
74571,73
74572,65
74574,57
74576,43
74577,85
74578,75
74601,86
74604,30
74630,84
74631,70
74632,23
74633,17
74636,44
74637,71
74640,16
74641,29
74643,17
74644,49
74646,1
74647,59
74650,56
74651,69
74652,45
74653,71
74701,79
74720,61
74722,58
74723,61
74724,80
74726,59
74727,79
74728,81
74729,39
74730,63
74731,44
74733,65
74734,51
74735,50
74736,69
74738,72
74740,78
74741,33
74743,88
74745,84
74747,76
74748,31
74750,68
74753,1
74754,70
74755,39
74756,61
74759,58
74760,75
74761,77
74764,62
74766,64
74801,80
74804,51
74820,61
74824,49
74825,47
74826,62
74827,35
74829,83
74830,71
74831,40
74832,71
74833,62
74834,42
74836,48
74837,67
74839,77
74840,46
74842,8
74843,10
74844,30
74845,80
74848,71
74849,74
74850,33
74851,33
74852,46
74854,61
74855,37
74856,46
74857,23
74859,85
74860,41
74864,47
74865,33
74867,62
74868,76
74869,38
74871,42
74872,56
74873,50
74875,44
74878,44
74880,68
74881,46
74883,76
74884,82
74901,91
74902,61
74930,58
74931,63
74932,64
74935,72
74936,68
74937,78
74939,50
74940,54
74941,73
74942,86
74943,59
74944,71
74945,78
74946,96
74948,61
74949,51
74951,85
74953,71
74954,72
74955,82
74956,69
74957,49
74959,72
74960,85
74962,75
74963,45
74964,70
74965,78
74966,51
75001,53
75002,13
75006,62
75007,26
75009,17
75010,33
75013,9
75019,8
75020,64
75021,53
75022,2
75023,25
75024,23
75025,10
75028,4
75032,13
75034,17
75035,4
75038,66
75039,24
75040,57
75041,85
75042,88
75043,67
75044,45
75048,15
75050,80
75051,89
75052,37
75054,3
75056,26
75057,77
75058,22
75060,79
75061,85
75062,79
75063,30
75065,35
75067,63
75068,15
75069,75
75070,11
75071,20
75074,69
75075,36
75076,33
75077,11
75078,1
75080,60
75081,46
75082,6
75087,7
75088,15
75089,15
75090,82
75092,47
75093,17
75094,8
75098,25
75101,74
75102,55
75103,34
75104,48
75105,6
75109,49
75110,81
75114,39
75115,55
75116,86
75117,40
75119,60
75124,44
75125,62
75126,15
75127,67
75132,3
75134,82
75135,21
75137,55
75140,62
75141,90
75142,69
75143,54
75144,76
75146,56
75147,66
75148,77
75149,78
75150,79
75152,56
75153,21
75154,38
75155,56
75156,66
75157,74
75158,37
75159,70
75160,78
75161,42
75163,63
75164,52
75165,55
75166,1
75167,14
75169,56
75172,88
75173,20
75180,88
75181,27
75182,11
75189,16
75201,55
75202,60
75203,99
75204,71
75205,15
75206,62
75207,55
75208,79
75209,24
75210,100
75211,91
75212,98
75214,36
75215,99
75216,98
75217,89
75218,24
75219,57
75220,90
75223,93
75224,96
75225,4
75226,95
75227,88
75228,91
75229,42
75230,24
75231,95
75232,90
75233,92
75234,49
75235,93
75236,93
75237,98
75238,67
75240,95
75241,95
75243,91
75244,21
75246,98
75247,87
75248,29
75249,45
75251,45
75252,69
75253,84
75254,82
75270,
75287,56
75390,
75401,91
75402,50
75407,39
75409,31
75410,37
75411,38
75412,30
75413,69
75414,30
75415,6
75416,46
75417,55
75418,51
75420,36
75421,41
75422,55
75423,32
75424,28
75426,59
75428,90
75431,61
75432,60
75433,49
75435,56
75436,56
75437,26
75438,11
75439,54
75440,31
75441,10
75442,51
75446,63
75447,15
75448,14
75449,74
75450,45
75451,46
75452,52
75453,37
75454,6
75455,75
75457,31
75459,35
75460,86
75462,33
75468,7
75469,39
75470,74
75471,65
75472,70
75473,27
75474,63
75475,34
75476,27
75477,64
75478,32
75479,31
75480,28
75481,46
75482,58
75486,24
75487,49
75488,31
75489,42
75490,21
75491,38
75492,39
75493,61
75494,49
75495,15
75496,40
75497,31
75501,87
75503,44
75550,45
75551,59
75554,33
75555,41
75556,72
75558,35
75559,47
75560,57
75561,61
75562,1
75563,60
75565,87
75566,28
75567,25
75568,55
75569,67
75570,66
75571,26
75572,57
75573,1
75574,47
75601,64
75602,87
75603,32
75604,85
75605,46
75630,54
75631,56
75633,53
75638,75
75639,67
75640,30
75641,24
75642,11
75643,47
75644,65
75645,33
75647,62
75650,48
75651,41
75652,64
75654,52
75656,70
75657,60
75661,43
75662,65
75667,48
75668,66
75669,60
75670,90
75672,51
75681,36
75682,17
75683,52
75684,62
75686,63
75691,68
75692,47
75693,48
75701,69
75702,95
75703,42
75704,73
75705,52
75706,74
75707,20
75708,69
75709,51
75750,30
75751,84
75752,12
75754,37
75755,72
75756,41
75757,24
75758,40
75759,63
75760,58
75762,15
75763,37
75764,37
75765,45
75766,79
75770,26
75771,35
75773,58
75778,48
75779,62
75780,44
75783,52
75784,57
75785,66
75788,
75789,51
75790,50
75791,49
75792,62
75801,73
75803,63
75831,53
75832,44
75833,55
75835,82
75838,67
75839,44
75840,57
75844,31
75845,52
75846,75
75847,47
75848,73
75849,88
75850,42
75851,48
75852,45
75853,9
75855,41
75856,29
75858,
75859,50
75860,65
75861,71
75862,66
75901,74
75904,73
75925,78
75926,35
75928,57
75929,32
75930,62
75931,47
75932,62
75933,63
75934,12
75935,83
75936,41
75937,31
75938,40
75939,86
75941,83
75942,40
75943,67
75944,38
75946,74
75948,49
75949,68
75951,74
75954,72
75956,77
75959,13
75960,51
75961,91
75962,2
75964,91
75965,68
75966,71
75968,79
75969,52
75972,82
75973,52
75974,82
75975,81
75976,99
75977,72
75978,1
75979,74
75980,63
76001,33
76002,25
76006,62
76008,2
76009,52
76010,98
76011,95
76012,53
76013,68
76014,83
76015,67
76016,16
76017,31
76018,48
76020,39
76021,38
76022,44
76023,35
76028,24
76031,51
76033,54
76034,1
76035,20
76036,26
76039,49
76040,67
76041,19
76043,56
76044,37
76048,55
76049,12
76050,23
76051,36
76052,8
76053,68
76054,4
76055,58
76058,53
76059,60
76060,30
76061,1
76063,19
76064,24
76065,10
76066,50
76067,81
76070,1
76071,58
76073,21
76077,30
76078,31
76082,43
76084,40
76085,20
76086,67
76087,14
76088,29
76092,1
76093,48
76102,93
76103,92
76104,98
76105,97
76106,94
76107,60
76108,43
76109,38
76110,88
76111,81
76112,88
76114,75
76115,94
76116,87
76117,84
76118,39
76119,97
76120,80
76123,34
76126,9
76127,27
76129,2
76131,27
76132,54
76133,78
76134,78
76135,51
76137,47
76140,72
76148,26
76155,55
76164,93
76177,17
76179,20
76180,62
76182,9
76201,80
76205,73
76207,34
76208,35
76209,76
76210,16
76225,22
76226,1
76227,16
76228,31
76230,50
76233,29
76234,42
76238,17
76239,20
76240,70
76244,11
76245,35
76247,16
76248,8
76249,27
76250,2
76251,38
76252,13
76253,20
76255,72
76258,44
76259,39
76261,31
76262,8
76263,1
76264,21
76265,38
76266,29
76268,61
76270,47
76271,30
76272,34
76273,40
76301,96
76302,81
76305,36
76306,84
76308,47
76309,62
76310,30
76311,13
76351,57
76354,54
76357,20
76360,71
76363,56
76364,42
76365,39
76366,57
76367,26
76370,33
76371,59
76372,69
76373,25
76374,69
76377,55
76379,42
76380,36
76384,80
76388,43
76389,22
76401,64
76402,2
76424,65
76426,64
76427,67
76429,26
76430,53
76431,71
76432,39
76433,2
76435,31
76436,61
76437,22
76442,31
76443,44
76444,49
76445,55
76446,54
76448,61
76449,35
76450,35
76452,90
76453,20
76454,86
76455,44
76457,43
76458,67
76459,53
76460,5
76462,13
76463,19
76464,50
76466,1
76469,42
76470,60
76471,38
76472,27
76474,8
76475,65
76476,34
76481,74
76483,60
76484,17
76486,6
76487,45
76490,5
76491,26
76501,80
76502,33
76504,90
76508,
76511,63
76513,55
76518,26
76519,31
76520,84
76522,59
76523,
76524,20
76525,29
76527,49
76528,62
76530,45
76531,47
76534,51
76537,20
76538,32
76539,13
76541,97
76542,57
76543,87
76544,52
76548,58
76549,62
76550,57
76554,61
76556,17
76557,37
76559,60
76561,44
76565,3
76566,8
76567,59
76569,34
76570,64
76571,17
76573,
76574,63
76577,39
76578,35
76579,29
76596,
76597,
76598,
76599,
76621,4
76622,21
76623,43
76624,46
76626,53
76627,28
76628,42
76629,75
76630,42
76631,48
76632,65
76633,10
76634,51
76635,73
76636,25
76637,64
76638,8
76639,66
76640,79
76641,59
76642,69
76643,21
76645,77
76648,74
76649,25
76650,22
76651,55
76652,45
76653,49
76654,60
76655,14
76656,42
76657,31
76660,48
76661,97
76664,68
76665,61
76666,27
76667,78
76670,68
76671,51
76673,76
76676,27
76678,31
76679,43
76680,37
76681,55
76682,28
76685,25
76686,45
76687,29
76689,35
76690,80
76691,30
76692,44
76693,87
76701,91
76704,94
76705,85
76706,93
76707,98
76708,77
76710,69
76711,80
76712,17
76798,2
76801,59
76802,30
76820,1
76821,50
76823,19
76824,
76825,68
76827,17
76828,12
76831,
76832,49
76834,42
76836,
76837,71
76841,
76842,11
76844,52
76845,8
76848,9
76849,66
76852,12
76853,34
76854,74
76856,48
76857,24
76858,54
76859,60
76861,31
76862,12
76864,32
76865,14
76866,11
76869,18
76870,36
76871,36
76872,22
76873,5
76874,
76875,8
76877,68
76878,44
76882,28
76884,24
76885,33
76887,26
76888,57
76890,14
76901,60
76903,81
76904,37
76905,57
76908,1
76930,39
76932,52
76933,52
76934,50
76935,2
76936,55
76937,1
76939,
76940,19
76941,46
76943,61
76945,44
76949,40
76950,73
76951,20
76953,9
76955,33
76957,11
76958,1
77002,84
77003,93
77004,86
77005,6
77006,34
77007,16
77008,24
77009,82
77010,25
77011,99
77012,93
77013,97
77014,92
77015,92
77016,94
77017,91
77018,61
77019,29
77020,98
77021,95
77022,99
77023,96
77024,21
77025,58
77026,99
77027,25
77028,96
77029,91
77030,53
77031,93
77032,99
77033,95
77034,84
77035,94
77036,100
77037,81
77038,86
77039,87
77040,73
77041,35
77042,80
77043,65
77044,50
77045,79
77046,19
77047,63
77048,89
77049,70
77050,75
77051,99
77053,86
77054,64
77055,91
77056,29
77057,74
77058,78
77059,5
77060,99
77061,95
77062,23
77063,85
77064,64
77065,66
77066,66
77067,94
77068,47
77069,37
77070,55
77071,79
77072,92
77073,67
77074,98
77075,81
77076,94
77077,54
77078,91
77079,39
77080,94
77081,98
77082,81
77083,72
77084,66
77085,64
77086,86
77087,94
77088,89
77089,61
77090,91
77091,95
77092,98
77093,94
77094,1
77095,23
77096,67
77098,29
77099,96
77201,
77301,89
77302,49
77303,61
77304,40
77306,71
77316,13
77318,35
77320,61
77326,
77327,84
77328,57
77331,39
77334,31
77335,31
77336,46
77338,66
77339,33
77340,76
77342,
77345,1
77346,15
77350,38
77351,71
77354,35
77355,24
77356,11
77357,68
77358,49
77359,47
77360,50
77362,44
77363,55
77364,37
77365,38
77367,66
77368,10
77369,67
77371,61
77372,65
77373,43
77374,55
77375,36
77376,50
77377,13
77378,73
77379,15
77380,43
77381,10
77382,8
77384,23
77385,17
77386,14
77388,22
77389,9
77396,57
77401,1
77406,7
77407,16
77412,2
77414,78
77415,1
77417,86
77418,47
77419,55
77420,35
77422,51
77423,47
77426,56
77428,
77429,9
77430,27
77432,70
77433,14
77434,78
77435,36
77436,1
77437,76
77440,33
77441,2
77442,58
77443,20
77444,86
77445,83
77446,89
77447,51
77448,50
77449,45
77450,23
77451,39
77453,75
77454,
77455,46
77456,47
77457,57
77458,32
77459,7
77460,11
77461,44
77464,36
77465,47
77466,54
77467,
77468,1
77469,36
77470,63
77471,83
77473,36
77474,63
77475,19
77476,69
77477,72
77478,20
77479,9
77480,55
77481,
77482,53
77483,41
77484,51
77485,72
77486,30
77488,86
77489,48
77493,24
77494,11
77498,37
77502,86
77503,85
77504,92
77505,46
77506,96
77507,36
77510,33
77511,59
77514,66
77515,61
77517,26
77518,87
77519,15
77520,88
77521,68
77523,36
77530,76
77531,71
77532,46
77533,62
77534,15
77535,46
77536,38
77538,50
77539,60
77541,90
77545,32
77546,11
77547,88
77550,90
77551,84
77554,20
77560,7
77561,10
77562,71
77563,62
77564,33
77565,30
77566,29
77568,72
77571,42
77573,12
77575,54
77577,42
77578,12
77580,9
77581,12
77583,46
77584,12
77585,41
77586,27
77587,91
77590,87
77591,74
77597,52
77598,82
77611,12
77612,34
77613,28
77614,56
77615,29
77616,51
77617,20
77619,59
77622,13
77623,7
77624,44
77625,40
77627,22
77629,19
77630,73
77632,44
77640,85
77642,93
77650,58
77651,31
77655,10
77656,35
77657,33
77659,36
77660,37
77661,64
77662,46
77663,30
77664,51
77665,50
77701,92
77702,69
77703,94
77705,82
77706,46
77707,50
77708,73
77713,27
77801,99
77802,53
77803,90
77807,62
77808,17
77830,11
77831,55
77833,52
77835,32
77836,38
77837,87
77840,87
77845,28
77853,49
77855,34
77856,37
77857,37
77859,68
77861,30
77864,65
77865,46
77867,52
77868,77
77871,35
77872,21
77873,37
77876,20
77878,86
77879,64
77880,29
77901,92
77904,33
77905,26
77950,25
77951,72
77954,69
77957,64
77960,75
77961,5
77962,44
77963,56
77964,61
77968,18
77969,10
77970,56
77971,51
77973,33
77974,27
77975,31
77976,3
77977,53
77978,47
77979,63
77982,71
77983,56
77984,19
77987,11
77988,46
77990,54
77991,55
77993,64
77994,73
77995,59
78001,
78002,75
78003,48
78004,7
78005,60
78006,17
78007,43
78008,66
78009,54
78010,51
78011,79
78012,29
78013,41
78014,71
78015,1
78016,60
78017,92
78019,76
78021,18
78022,49
78023,6
78024,21
78025,51
78026,77
78027,1
78028,52
78029,
78039,46
78040,99
78041,87
78043,93
78044,80
78045,42
78046,86
78050,78
78052,52
78055,57
78056,1
78057,20
78058,31
78059,41
78060,
78061,84
78063,31
78064,65
78065,62
78066,38
78067,78
78069,73
78070,8
78071,50
78072,40
78073,73
78075,33
78076,89
78101,19
78102,89
78104,7
78107,68
78108,11
78109,46
78112,55
78113,31
78114,49
78116,37
78117,8
78118,75
78119,73
78121,12
78122,75
78123,44
78124,23
78125,19
78130,46
78132,9
78133,25
78140,78
78141,45
78142,46
78143,11
78144,11
78145,8
78146,70
78147,56
78148,61
78150,1
78151,70
78152,4
78154,23
78155,63
78159,45
78160,46
78161,52
78162,38
78163,5
78164,52
78201,91
78202,99
78203,95
78204,84
78205,88
78207,99
78208,100
78209,40
78210,94
78211,90
78212,81
78213,85
78214,95
78215,46
78216,81
78217,81
78218,89
78219,88
78220,95
78221,89
78222,77
78223,90
78224,85
78225,91
78226,99
78227,90
78228,90
78229,91
78230,53
78231,19
78232,29
78233,64
78234,29
78235,56
78236,19
78237,93
78238,82
78239,61
78240,69
78242,94
78243,1
78244,55
78245,53
78247,28
78248,3
78249,54
78250,31
78251,49
78252,57
78253,18
78254,22
78255,4
78256,59
78257,34
78258,14
78259,12
78260,3
78261,7
78263,24
78264,71
78266,4
78330,48
78332,85
78335,
78336,85
78338,32
78339,68
78340,46
78341,80
78342,60
78343,68
78344,23
78349,40
78351,91
78352,60
78353,34
78355,96
78357,84
78358,39
78359,71
78361,90
78362,53
78363,96
78368,82
78369,89
78370,71
78371,38
78372,80
78373,34
78374,32
78375,55
78376,71
78377,79
78379,41
78380,88
78382,59
78383,26
78384,98
78385,59
78387,91
78389,46
78390,88
78391,24
78393,60
78401,92
78402,39
78404,87
78405,91
78406,65
78407,91
78408,95
78409,77
78410,61
78411,75
78412,82
78413,46
78414,25
78415,87
78416,91
78417,68
78418,55
78419,28
78501,93
78503,91
78504,65
78516,82
78520,94
78521,94
78526,78
78535,65
78536,46
78537,83
78538,89
78539,81
78541,95
78542,81
78543,72
78545,76
78548,73
78549,77
78550,96
78552,73
78557,90
78558,50
78559,82
78560,89
78561,75
78562,80
78563,41
78564,87
78565,59
78566,74
78567,62
78569,68
78570,86
78572,84
78573,93
78574,84
78575,61
78576,87
78577,91
78578,71
78579,59
78580,91
78582,91
78583,76
78584,92
78585,79
78586,81
78588,46
78589,83
78590,62
78591,13
78592,81
78593,79
78594,80
78595,84
78596,83
78597,29
78598,15
78602,44
78605,37
78606,45
78607,7
78608,18
78609,23
78610,24
78611,38
78612,41
78613,16
78614,11
78615,33
78616,67
78617,67
78618,5
78619,4
78620,10
78621,55
78622,26
78623,1
78624,41
78626,48
78628,21
78629,78
78631,22
78632,18
78633,2
78634,26
78635,11
78636,29
78638,25
78639,61
78640,43
78641,17
78642,20
78643,52
78644,60
78645,11
78648,75
78650,61
78652,24
78653,53
78654,58
78655,47
78656,74
78657,15
78659,15
78660,26
78661,78
78662,22
78663,10
78664,56
78665,16
78666,86
78669,4
78670,12
78671,42
78672,22
78675,40
78676,9
78677,
78681,13
78701,47
78702,91
78703,14
78704,58
78705,76
78712,2
78717,18
78719,49
78721,90
78722,49
78723,81
78724,87
78725,48
78726,19
78727,26
78728,61
78729,30
78730,10
78731,28
78732,3
78733,1
78734,9
78735,27
78736,16
78737,1
78738,8
78739,1
78741,94
78742,73
78744,91
78745,58
78746,10
78747,32
78748,40
78749,16
78750,22
78751,56
78752,90
78753,88
78754,60
78756,27
78757,54
78758,86
78759,21
78801,73
78802,1
78827,76
78828,
78829,87
78830,77
78832,59
78833,68
78834,95
78836,43
78837,54
78838,20
78839,90
78840,82
78843,11
78850,50
78851,63
78852,90
78860,
78861,33
78870,61
78871,3
78872,90
78873,63
78877,74
78879,2
78880,33
78881,76
78883,2
78884,12
78885,7
78886,20
78931,5
78932,10
78933,42
78934,41
78935,30
78938,7
78940,20
78941,50
78942,66
78943,28
78944,10
78945,50
78946,35
78947,18
78948,39
78949,19
78950,14
78951,
78953,14
78954,6
78956,44
78957,46
78959,62
78962,27
78963,9
79001,2
79003,38
79005,58
79007,59
79009,82
79010,27
79011,8
79012,1
79013,68
79014,49
79015,35
79016,2
79018,56
79019,23
79021,70
79022,46
79024,21
79025,11
79027,70
79029,66
79031,42
79032,64
79033,20
79034,52
79035,72
79036,30
79039,35
79040,44
79041,62
79042,18
79043,92
79044,68
79045,73
79046,84
79051,
79052,43
79053,42
79054,53
79056,1
79057,70
79058,
79059,37
79061,20
79062,20
79063,3
79064,65
79065,63
79068,15
79070,62
79072,79
79078,28
79079,81
79080,13
79081,67
79082,31
79083,58
79084,51
79085,11
79086,63
79087,30
79088,88
79091,11
79092,21
79093,46
79094,20
79095,78
79096,67
79097,7
79098,43
79101,91
79102,82
79103,68
79104,67
79105,
79106,83
79107,91
79108,68
79109,41
79110,54
79111,74
79118,24
79119,9
79121,11
79124,5
79201,64
79220,79
79225,39
79226,48
79227,42
79229,32
79230,32
79231,44
79233,76
79234,8
79235,70
79236,62
79237,41
79239,37
79240,21
79241,53
79243,
79244,56
79245,86
79247,3
79248,94
79250,55
79251,44
79252,67
79255,51
79256,50
79257,59
79258,2
79259,1
79261,57
79311,61
79312,56
79313,88
79314,51
79316,83
79322,77
79323,39
79324,1
79325,43
79326,20
79329,34
79330,4
79331,86
79336,74
79339,80
79342,39
79343,84
79344,29
79345,50
79346,78
79347,51
79350,68
79351,51
79353,63
79355,54
79356,70
79357,62
79358,51
79359,69
79360,65
79363,42
79364,56
79366,1
79367,68
79369,1
79370,68
79371,66
79372,56
79373,85
79376,
79377,60
79378,22
79379,58
79380,47
79381,52
79382,38
79401,94
79403,89
79404,94
79406,2
79407,79
79410,82
79411,84
79412,93
79413,60
79414,82
79415,93
79416,67
79423,38
79424,21
79501,54
79502,45
79503,21
79504,32
79505,22
79506,39
79508,23
79510,30
79511,26
79512,56
79517,6
79518,1
79519,1
79520,56
79521,84
79525,33
79526,26
79527,12
79528,54
79529,44
79530,19
79532,29
79533,56
79534,26
79535,8
79536,40
79537,2
79538,53
79539,27
79540,3
79541,7
79543,34
79544,70
79545,43
79546,75
79547,69
79548,23
79549,61
79553,71
79556,75
79560,53
79561,56
79562,3
79563,61
79565,11
79566,61
79567,80
79601,88
79602,44
79603,78
79605,65
79606,40
79607,21
79699,1
79701,78
79703,48
79705,49
79706,34
79707,35
79713,42
79714,49
79718,29
79719,61
79720,80
79730,22
79731,32
79733,31
79734,20
79735,69
79738,8
79739,50
79741,38
79742,51
79743,56
79744,33
79745,56
79748,54
79749,56
79752,66
79754,63
79755,50
79756,58
79758,20
79759,
79761,80
79762,59
79763,74
79764,67
79765,20
79766,59
79770,
79772,72
79777,30
79778,53
79780,62
79781,12
79782,47
79783,10
79785,23
79788,24
79789,55
79821,81
79830,65
79831,
79834,37
79835,84
79836,71
79837,72
79838,92
79839,77
79842,30
79843,75
79845,97
79846,91
79847,9
79848,24
79849,82
79851,45
79852,54
79853,71
79854,43
79855,89
79901,100
79902,91
79903,88
79904,98
79905,98
79906,54
79907,95
79908,31
79911,8
79912,63
79915,92
79916,1
79920,
79922,28
79924,85
79925,80
79927,79
79928,66
79930,90
79932,61
79934,37
79935,66
79936,63
79938,56
79942,1
80002,61
80003,36
80004,27
80005,1
80007,1
80010,96
80011,80
80012,83
80013,27
80014,43
80015,6
80016,3
80017,59
80018,10
80019,47
80020,14
80021,28
80022,65
80023,5
80024,84
80025,10
80026,21
80027,17
80030,81
80031,26
80033,59
80045,65
80101,25
80102,19
80103,15
80104,9
80105,20
80106,3
80107,2
80108,2
80109,4
80110,66
80111,20
80112,20
80113,52
80116,7
80117,8
80118,1
80120,39
80121,8
80122,4
80123,17
80124,16
80125,1
80126,2
80127,2
80128,7
80129,6
80130,6
80131,52
80132,4
80133,31
80134,3
80135,4
80136,4
80137,15
80138,3
80202,56
80203,48
80204,97
80205,81
80206,31
80207,47
80209,28
80210,28
80211,56
80212,42
80214,81
80215,41
80216,93
80218,49
80219,86
80220,44
80221,70
80222,59
80223,79
80224,57
80226,53
80227,33
80228,21
80229,70
80230,37
80231,63
80232,32
80233,49
80234,41
80235,39
80236,73
80237,25
80238,10
80239,75
80241,21
80246,53
80247,69
80249,41
80260,78
80264,
80290,
80293,
80294,
80301,34
80302,60
80303,54
80304,25
80305,30
80310,2
80401,37
80403,5
80419,
80420,39
80421,6
80422,3
80423,5
80424,18
80425,1
80426,1
80427,34
80428,26
80432,30
80433,3
80434,2
80435,39
80436,5
80438,36
80439,4
80440,24
80442,68
80443,18
80444,17
80446,14
80447,3
80448,
80449,2
80451,13
80452,30
80453,8
80454,1
80455,40
80456,9
80457,12
80459,60
80461,58
80463,9
80465,2
80466,45
80467,22
80468,13
80469,33
80470,2
80471,
80473,
80475,
80476,32
80477,14
80478,25
80479,1
80480,26
80481,24
80482,28
80483,32
80487,25
80488,82
80497,1
80498,33
80501,69
80503,22
80504,17
80510,4
80511,
80512,8
80513,10
80514,34
80515,19
80516,5
80517,19
80520,20
80521,70
80524,43
80525,31
80526,47
80528,11
80530,8
80532,25
80534,2
80535,45
80536,14
80537,25
80538,26
80540,12
80542,13
80543,13
80544,1
80545,10
80546,13
80547,2
80549,12
80550,4
80601,48
80602,3
80603,31
80610,53
80611,9
80612,28
80615,17
80620,71
80621,41
80622,35
80623,34
80624,50
80631,92
80634,30
80640,43
80642,24
80643,24
80644,50
80645,44
80648,20
80649,25
80650,18
80651,27
80652,39
80653,42
80654,35
80701,68
80705,71
80720,50
80721,3
80722,25
80723,62
80726,55
80727,55
80728,16
80729,44
80731,14
80733,34
80734,32
80735,36
80736,51
80737,73
80740,13
80741,12
80742,20
80743,56
80744,51
80745,15
80746,50
80747,13
80749,37
80750,28
80751,60
80754,15
80755,26
80757,20
80758,67
80759,50
80801,6
80802,38
80804,35
80805,8
80807,37
80808,20
80809,19
80810,35
80812,35
80813,52
80814,24
80815,24
80816,8
80817,34
80818,6
80819,22
80820,1
80821,24
80822,26
80823,33
80824,26
80825,16
80827,17
80828,57
80829,20
80830,8
80831,6
80832,13
80833,18
80834,32
80835,53
80836,41
80840,38
80860,18
80861,29
80862,16
80863,16
80864,27
80902,56
80903,79
80904,54
80905,64
80906,38
80907,60
80908,3
80909,78
80910,91
80911,26
80913,18
80914,19
80915,39
80916,85
80917,48
80918,42
80919,15
80920,13
80921,9
80922,19
80923,11
80924,9
80925,10
80926,43
80927,6
80928,29
80929,1
80930,32
80938,1
80939,
80951,35
81001,91
81003,92
81004,91
81005,57
81006,37
81007,15
81008,55
81019,71
81020,65
81021,32
81022,60
81023,6
81024,42
81025,22
81027,27
81029,40
81030,64
81033,46
81036,25
81038,
81039,76
81040,8
81041,65
81043,42
81044,60
81045,4
81047,50
81049,27
81050,71
81052,75
81054,91
81055,11
81057,6
81058,62
81059,60
81062,61
81063,80
81064,34
81067,82
81069,16
81071,29
81073,68
81076,60
81077,72
81081,8
81082,72
81084,61
81087,33
81089,61
81090,36
81091,35
81092,7
81101,80
81120,80
81121,13
81122,13
81123,61
81124,52
81125,85
81126,40
81128,6
81129,39
81130,15
81131,50
81132,54
81133,72
81136,35
81137,62
81138,65
81140,57
81141,57
81143,55
81144,82
81146,71
81147,28
81148,70
81149,44
81151,45
81152,88
81154,18
81155,1
81201,39
81210,6
81211,19
81212,56
81220,9
81221,60
81222,65
81223,39
81224,8
81225,42
81226,47
81227,
81230,50
81231,2
81232,
81233,8
81235,30
81236,20
81237,1
81239,10
81240,20
81241,36
81242,60
81243,3
81244,52
81248,
81251,19
81252,30
81253,1
81301,21
81303,25
81320,17
81321,55
81323,15
81324,37
81325,8
81326,23
81327,51
81328,40
81330,53
81331,2
81332,24
81334,88
81335,8
81401,65
81403,21
81410,43
81411,35
81413,39
81415,10
81416,62
81418,32
81419,34
81422,61
81423,24
81424,33
81425,56
81426,1
81427,13
81428,29
81429,1
81430,1
81431,3
81432,19
81433,26
81434,48
81435,50
81501,88
81503,50
81504,49
81505,37
81506,48
81507,3
81520,81
81521,39
81522,
81523,10
81524,13
81525,48
81526,47
81527,11
81601,42
81610,63
81611,30
81612,
81615,29
81620,38
81621,31
81623,43
81624,48
81625,68
81630,32
81631,28
81632,42
81633,
81635,39
81637,23
81638,30
81639,16
81640,2
81641,46
81642,11
81643,8
81645,16
81646,20
81647,21
81648,24
81649,31
81650,46
81652,33
81653,
81654,36
81655,11
81656,5
81657,18
82001,45
82005,1
82007,73
82009,10
82050,37
82051,55
82052,
82053,22
82054,51
82055,2
82058,
82059,29
82060,1
82061,
82063,11
82070,49
82072,57
82073,
82081,1
82082,33
82083,21
82084,1
82190,52
82201,46
82210,20
82212,15
82213,45
82214,34
82215,25
82217,1
82219,25
82221,44
82222,14
82223,11
82224,20
82225,61
82227,29
82229,
82240,41
82242,1
82243,28
82244,19
82301,57
82321,38
82322,5
82323,48
82324,23
82325,26
82327,47
82329,54
82331,22
82332,41
82334,23
82335,1
82336,34
82401,41
82410,38
82411,56
82412,25
82414,16
82420,38
82421,38
82422,
82423,57
82426,44
82428,41
82430,42
82431,46
82432,38
82433,33
82434,24
82435,31
82440,5
82441,1
82442,16
82443,37
82450,1
82501,59
82510,75
82512,42
82513,23
82514,89
82515,30
82516,72
82520,35
82523,28
82601,49
82604,29
82609,41
82620,56
82630,
82633,31
82635,74
82636,30
82637,50
82638,
82639,49
82640,1
82642,7
82643,24
82644,67
82646,
82648,1
82649,53
82701,26
82710,4
82711,3
82712,4
82714,11
82715,
82716,55
82718,32
82720,63
82721,9
82723,19
82725,13
82727,10
82729,23
82730,44
82731,11
82732,8
82801,23
82831,53
82832,13
82833,
82834,30
82835,50
82836,11
82837,34
82838,3
82839,21
82842,3
82844,
82845,1
82901,40
82922,1
82923,28
82925,2
82929,31
82930,46
82932,32
82933,2
82934,52
82935,27
82936,
82937,16
82938,10
82939,9
82941,13
82942,1
82943,27
82944,15
82945,30
83001,30
83011,1
83012,44
83013,1
83014,2
83025,9
83101,11
83110,39
83111,10
83112,7
83113,46
83114,18
83115,1
83116,39
83118,1
83119,
83120,5
83121,
83122,43
83123,33
83124,20
83126,15
83127,21
83128,24
83201,53
83202,51
83203,82
83204,74
83209,73
83210,66
83211,35
83212,17
83213,65
83214,8
83215,20
83217,16
83218,31
83220,23
83221,43
83223,7
83226,53
83227,
83228,35
83232,22
83233,
83234,39
83235,38
83236,15
83237,20
83238,5
83239,17
83241,20
83243,1
83244,2
83245,23
83246,5
83250,16
83251,35
83252,26
83253,36
83254,49
83255,7
83261,51
83262,10
83263,29
83271,18
83272,13
83274,17
83276,43
83277,1
83278,22
83281,8
83283,1
83285,10
83286,11
83287,11
83301,56
83302,77
83311,42
83312,10
83313,18
83314,61
83316,39
83318,58
83320,36
83321,47
83322,20
83323,32
83324,48
83325,62
83327,33
83328,41
83330,68
83332,50
83333,53
83334,63
83335,67
83336,55
83337,
83338,68
83340,50
83341,24
83342,34
83344,64
83346,48
83347,39
83348,25
83349,43
83350,62
83352,57
83353,13
83354,
83355,74
83401,47
83402,62
83404,30
83406,13
83414,10
83420,48
83421,1
83422,20
83423,58
83424,45
83425,30
83427,5
83428,13
83429,18
83431,39
83433,
83434,26
83435,25
83436,28
83440,66
83442,18
83443,36
83444,73
83445,41
83446,26
83448,50
83449,2
83450,19
83451,16
83452,5
83454,29
83455,12
83460,2
83462,14
83463,18
83464,58
83465,4
83466,26
83467,43
83468,16
83469,
83501,44
83520,57
83522,23
83523,13
83524,58
83525,43
83526,12
83530,48
83533,1
83535,60
83536,63
83537,32
83539,36
83540,70
83541,31
83542,53
83543,22
83544,37
83545,44
83546,19
83547,39
83548,17
83549,45
83552,32
83553,47
83554,21
83555,42
83601,1
83602,1
83604,48
83605,81
83607,52
83610,23
83611,17
83612,58
83615,12
83616,5
83617,56
83619,52
83622,23
83623,82
83624,64
83626,45
83627,64
83628,77
83629,30
83631,49
83632,16
83633,51
83634,26
83636,37
83637,36
83638,18
83639,57
83641,37
83642,23
83643,21
83644,20
83645,38
83646,14
83647,57
83648,26
83650,64
83651,70
83654,12
83655,45
83656,47
83657,30
83660,62
83661,60
83666,8
83669,6
83670,31
83671,
83672,63
83676,49
83677,1
83686,42
83687,52
83702,43
83703,52
83704,51
83705,77
83706,55
83709,16
83712,17
83713,44
83714,32
83716,9
83801,32
83802,70
83803,51
83804,44
83805,47
83806,52
83808,31
83809,1
83810,1
83811,71
83812,39
83813,25
83814,60
83815,44
83821,2
83822,67
83823,21
83824,74
83825,18
83826,
83827,48
83830,38
83832,17
83833,15
83834,13
83835,12
83836,16
83837,81
83839,37
83840,27
83841,47
83842,29
83843,53
83844,2
83845,37
83846,66
83847,37
83848,11
83849,47
83850,44
83851,68
83852,78
83854,44
83855,31
83856,31
83857,23
83858,19
83860,11
83861,54
83864,53
83866,
83867,31
83868,70
83869,35
83870,71
83871,6
83872,16
83873,76
83874,
83876,40
84001,18
84002,32
84003,8
84004,1
84005,13
84006,9
84007,28
84010,16
84013,1
84014,1
84015,26
84017,10
84018,10
84020,10
84021,59
84022,19
84023,23
84024,1
84025,2
84026,72
84027,45
84028,53
84029,28
84031,6
84032,17
84033,4
84034,80
84035,2
84036,25
84037,2
84038,1
84039,55
84040,4
84041,39
84042,13
84043,9
84044,56
84045,4
84046,4
84047,69
84049,4
84050,2
84051,16
84052,66
84053,34
84054,12
84055,10
84056,27
84057,52
84058,41
84060,29
84061,4
84062,25
84063,60
84064,11
84065,3
84066,56
84067,29
84069,13
84070,48
84071,3
84072,20
84073,28
84074,22
84075,4
84076,18
84078,50
84080,6
84081,11
84082,2
84083,97
84084,30
84085,86
84086,9
84087,12
84088,36
84092,2
84093,2
84094,10
84095,5
84096,7
84097,17
84098,8
84101,82
84102,69
84103,36
84104,91
84105,24
84106,38
84107,56
84108,14
84109,5
84111,87
84112,73
84113,17
84115,85
84116,89
84117,27
84118,40
84119,79
84120,64
84121,10
84123,49
84124,11
84128,28
84144,35
84180,
84301,9
84302,31
84304,1
84305,1
84306,19
84307,9
84308,5
84309,12
84310,4
84311,43
84312,13
84313,9
84314,12
84315,2
84316,24
84317,5
84318,13
84319,26
84320,21
84321,66
84324,1
84325,1
84326,4
84327,3
84328,1
84329,27
84330,9
84331,31
84332,4
84333,14
84334,6
84335,11
84336,13
84337,29
84338,31
84339,6
84340,6
84341,62
84401,74
84403,48
84404,50
84405,26
84414,7
84501,58
84511,57
84512,73
84513,43
84515,
84516,1
84518,11
84520,68
84521,20
84522,14
84523,36
84525,60
84526,30
84528,38
84529,12
84530,65
84531,83
84532,44
84533,33
84534,88
84535,24
84536,79
84537,15
84539,32
84540,1
84542,48
84601,69
84604,55
84606,68
84620,12
84621,1
84622,25
84623,31
84624,58
84626,53
84627,61
84628,29
84629,9
84630,73
84631,28
84632,42
84633,27
84634,29
84635,46
84636,6
84637,27
84638,35
84639,44
84640,23
84642,31
84643,5
84645,25
84646,33
84647,46
84648,42
84649,1
84651,27
84652,36
84653,4
84654,44
84655,19
84656,5
84657,39
84660,16
84662,23
84663,29
84664,3
84665,7
84667,28
84701,60
84710,42
84711,4
84712,48
84713,37
84714,55
84715,4
84716,46
84718,14
84719,76
84720,56
84721,47
84722,14
84723,46
84724,41
84725,12
84726,38
84728,7
84729,29
84730,1
84731,1
84732,2
84733,1
84734,35
84735,4
84736,24
84737,48
84738,23
84739,60
84740,42
84741,25
84742,6
84743,2
84744,18
84745,52
84746,21
84747,36
84749,1
84750,17
84751,33
84752,32
84753,
84754,23
84755,1
84756,23
84757,44
84758,13
84759,41
84760,35
84761,12
84762,8
84763,8
84764,45
84765,5
84766,21
84767,29
84770,57
84772,46
84773,43
84774,17
84775,44
84776,11
84779,25
84780,30
84781,4
84782,1
84783,2
84784,94
84790,29
85003,82
85004,90
85006,99
85007,98
85008,97
85009,99
85012,45
85013,69
85014,84
85015,99
85016,74
85017,98
85018,57
85019,98
85020,70
85021,94
85022,67
85023,58
85024,24
85027,50
85028,8
85029,88
85031,97
85032,70
85033,95
85034,100
85035,97
85037,84
85040,99
85041,88
85042,80
85043,85
85044,28
85045,1
85048,15
85050,22
85051,95
85053,70
85054,24
85083,3
85085,15
85086,8
85087,18
85118,16
85119,36
85120,52
85121,100
85122,77
85123,79
85128,85
85131,93
85132,58
85135,88
85137,54
85138,21
85139,63
85140,23
85141,62
85142,14
85143,35
85145,50
85147,99
85172,90
85173,65
85192,51
85193,78
85194,31
85201,95
85202,78
85203,77
85204,84
85205,49
85206,55
85207,36
85208,47
85209,23
85210,95
85212,10
85213,31
85215,9
85224,41
85225,69
85226,28
85233,20
85234,24
85248,9
85249,3
85250,9
85251,61
85253,3
85254,12
85255,4
85256,87
85257,48
85258,13
85259,9
85260,21
85262,5
85263,1
85264,64
85266,1
85268,7
85281,90
85282,67
85283,68
85284,5
85286,19
85295,20
85296,10
85297,14
85298,1
85301,99
85302,84
85303,79
85304,48
85305,53
85306,54
85307,75
85308,26
85309,1
85310,13
85320,66
85321,86
85322,56
85323,89
85324,42
85325,24
85326,57
85328,67
85331,4
85332,29
85333,66
85334,83
85335,71
85336,77
85337,96
85338,31
85339,61
85340,22
85341,
85342,35
85343,15
85344,82
85345,66
85346,75
85347,81
85348,46
85349,86
85350,88
85351,23
85352,64
85353,64
85354,54
85355,8
85356,62
85357,53
85360,82
85361,34
85362,41
85363,93
85364,93
85365,60
85367,36
85371,100
85373,14
85374,39
85375,14
85377,1
85379,26
85381,31
85382,32
85383,2
85387,8
85388,16
85390,34
85392,50
85395,20
85396,10
85501,71
85530,89
85531,5
85533,67
85534,50
85535,
85536,16
85539,80
85540,48
85541,39
85542,98
85543,55
85544,20
85545,60
85546,76
85550,98
85551,38
85552,45
85553,55
85554,21
85601,54
85602,55
85603,75
85605,74
85606,52
85607,91
85608,52
85609,1
85610,41
85611,5
85613,30
85614,14
85615,15
85616,60
85617,52
85618,80
85619,7
85620,83
85621,96
85622,7
85623,21
85624,30
85625,28
85626,58
85627,28
85629,13
85630,51
85631,72
85632,33
85633,55
85634,97
85635,64
85637,27
85638,39
85640,1
85641,5
85643,74
85645,39
85646,10
85648,63
85650,24
85653,45
85654,
85658,4
85701,92
85704,46
85705,98
85706,96
85707,1
85708,50
85710,73
85711,90
85712,90
85713,91
85714,98
85715,22
85716,88
85718,19
85719,86
85723,
85724,
85726,
85730,63
85735,31
85736,54
85737,19
85739,12
85741,54
85742,17
85743,17
85745,76
85746,82
85747,17
85748,14
85749,3
85750,14
85755,3
85756,74
85757,74
85901,56
85911,97
85912,66
85920,14
85922,9
85923,62
85924,32
85925,44
85926,93
85927,3
85928,76
85929,59
85930,97
85931,14
85932,3
85933,37
85934,17
85935,21
85936,70
85937,55
85938,71
85939,52
85940,28
85941,98
85942,1
86001,59
86003,50
86004,38
86011,77
86015,38
86016,67
86017,17
86018,4
86020,85
86021,96
86022,55
86023,54
86024,7
86025,85
86028,
86029,52
86030,74
86031,94
86032,42
86033,95
86034,96
86035,79
86036,62
86038,1
86039,68
86040,76
86042,71
86043,82
86044,88
86045,90
86046,49
86047,96
86052,28
86053,86
86054,89
86301,44
86303,35
86305,14
86313,53
86314,64
86315,20
86320,59
86321,25
86322,72
86323,36
86324,23
86325,14
86326,54
86327,17
86329,30
86331,25
86332,49
86333,56
86334,66
86335,57
86336,22
86337,43
86338,11
86343,16
86351,22
86401,58
86403,71
86404,33
86406,28
86409,77
86411,10
86413,52
86426,53
86429,67
86431,78
86432,73
86433,
86434,97
86435,
86436,50
86437,78
86438,45
86440,56
86441,65
86442,85
86443,
86444,42
86445,46
86502,80
86503,91
86504,88
86505,87
86506,80
86507,85
86508,85
86510,89
86511,79
86512,93
86514,88
86515,94
86520,87
86535,82
86538,89
86540,89
86544,81
86545,82
86547,83
86556,98
87001,82
87002,63
87004,67
87005,66
87006,22
87007,80
87008,6
87010,26
87011,13
87012,29
87013,89
87014,45
87015,27
87016,44
87017,65
87018,96
87020,90
87021,80
87022,64
87023,30
87024,68
87025,7
87026,83
87027,78
87028,38
87029,54
87031,60
87032,39
87034,60
87035,64
87036,38
87037,88
87038,87
87040,64
87041,80
87042,33
87043,4
87044,24
87045,87
87046,46
87047,2
87048,3
87049,72
87051,48
87052,82
87053,91
87056,19
87059,12
87061,16
87062,75
87063,89
87064,
87068,31
87070,70
87072,56
87083,8
87102,98
87104,77
87105,81
87106,86
87107,71
87108,98
87109,68
87110,54
87111,37
87112,59
87113,19
87114,38
87116,24
87117,1
87120,36
87121,75
87122,1
87123,72
87124,36
87144,35
87301,89
87305,82
87310,80
87311,90
87312,91
87313,94
87315,58
87316,96
87317,66
87319,87
87320,85
87321,81
87322,41
87323,92
87325,74
87326,84
87327,84
87328,98
87347,22
87357,98
87364,79
87375,81
87401,81
87402,27
87410,57
87412,29
87413,72
87415,19
87416,80
87417,74
87418,46
87419,7
87420,88
87421,56
87455,88
87461,80
87499,80
87501,34
87505,50
87506,32
87507,68
87508,24
87510,60
87511,43
87512,
87513,61
87514,24
87515,20
87516,45
87517,25
87518,
87519,58
87520,31
87521,56
87522,52
87523,53
87524,
87525,1
87527,44
87528,82
87529,32
87530,38
87531,19
87532,77
87533,80
87535,35
87537,71
87538,63
87539,1
87540,23
87543,11
87544,9
87548,45
87549,14
87551,
87552,56
87553,77
87554,
87556,43
87557,52
87558,26
87560,87
87562,9
87564,35
87565,44
87566,59
87567,76
87569,28
87571,73
87573,1
87574,42
87575,88
87577,31
87578,40
87579,21
87580,1
87581,4
87582,43
87583,32
87701,88
87710,56
87711,82
87712,56
87713,3
87714,73
87715,48
87718,14
87722,33
87723,25
87724,
87728,48
87729,19
87730,21
87731,5
87732,16
87733,59
87734,67
87735,44
87736,5
87740,74
87742,25
87743,48
87745,4
87746,10
87747,52
87749,49
87750,
87752,66
87753,61
87801,76
87820,5
87821,48
87823,38
87824,1
87825,79
87827,6
87828,10
87829,11
87830,35
87831,35
87832,43
87901,91
87930,67
87931,47
87933,11
87935,19
87936,48
87937,90
87939,5
87940,72
87941,92
87942,38
87943,21
88001,97
88002,23
88003,2
88004,
88005,77
88007,64
88008,70
88009,11
88011,39
88012,64
88020,33
88021,88
88022,77
88023,73
88024,72
88025,8
88026,79
88027,29
88028,32
88029,88
88030,86
88032,23
88033,
88034,11
88038,14
88039,5
88040,24
88041,21
88042,29
88043,62
88044,73
88045,80
88046,60
88047,70
88048,52
88049,
88051,1
88052,48
88053,53
88055,9
88056,26
88061,81
88063,91
88065,38
88072,93
88081,85
88101,83
88103,1
88112,39
88113,78
88114,1
88115,48
88116,21
88118,45
88119,68
88120,40
88121,30
88124,17
88125,18
88126,10
88130,87
88132,37
88134,44
88135,73
88136,4
88201,54
88203,86
88210,82
88220,51
88230,80
88231,64
88232,60
88240,83
88242,37
88250,62
88252,63
88253,68
88254,9
88255,11
88256,62
88260,70
88262,3
88263,33
88264,59
88265,34
88267,41
88268,1
88301,59
88310,69
88311,57
88312,4
88314,1
88316,27
88317,20
88318,18
88321,41
88323,
88324,8
88325,1
88330,27
88336,20
88337,39
88338,1
88339,2
88340,96
88341,14
88342,61
88343,
88344,4
88345,32
88346,63
88347,27
88348,43
88349,1
88350,5
88351,54
88352,40
88353,71
88354,
88355,
88401,79
88410,1
88411,37
88414,8
88415,74
88416,58
88417,
88418,40
88419,5
88421,
88422,22
88424,2
88426,30
88427,49
88430,2
88431,1
88434,22
88435,70
88436,4
89001,9
89002,24
89003,77
89004,32
89005,33
89007,34
89008,78
89010,38
89011,50
89012,25
89013,55
89014,53
89015,71
89017,
89018,60
89019,80
89020,81
89021,9
89022,
89025,52
89026,
89027,42
89029,72
89030,100
89031,43
89032,67
89039,40
89040,39
89042,32
89043,17
89044,2
89045,10
89046,61
89047,42
89048,65
89049,73
89052,23
89054,
89060,55
89061,34
89074,25
89081,72
89084,34
89085,5
89086,78
89101,100
89102,99
89103,88
89104,97
89106,100
89107,91
89108,90
89109,90
89110,93
89113,34
89115,100
89117,64
89118,72
89119,97
89120,69
89121,89
89122,85
89123,47
89124,6
89128,65
89129,41
89130,46
89131,12
89134,13
89135,20
89138,13
89139,32
89141,23
89142,82
89143,13
89144,21
89145,53
89146,83
89147,66
89148,47
89149,32
89156,86
89161,15
89166,19
89169,99
89178,25
89179,8
89183,65
89191,
89301,55
89310,37
89311,4
89314,58
89316,23
89317,28
89318,9
89319,10
89402,
89403,40
89404,
89405,23
89406,52
89408,52
89409,3
89410,41
89411,14
89412,17
89413,19
89414,29
89415,59
89418,17
89419,77
89420,47
89421,68
89422,23
89423,9
89424,63
89425,60
89426,60
89427,88
89428,36
89429,46
89430,14
89431,88
89433,67
89434,39
89436,17
89438,3
89439,11
89440,20
89441,12
89442,46
89444,27
89445,55
89446,
89447,71
89448,3
89449,35
89450,21
89451,21
89460,36
89501,89
89502,92
89503,76
89506,55
89508,17
89509,52
89510,15
89511,18
89512,98
89519,2
89521,17
89523,33
89701,68
89702,
89703,31
89704,10
89705,44
89706,76
89801,57
89815,11
89820,46
89821,14
89822,34
89823,6
89825,98
89826,
89828,1
89830,50
89831,
89832,88
89833,72
89834,62
89835,35
89883,67
90001,99
90002,100
90003,100
90004,91
90005,98
90006,99
90007,100
90008,92
90010,66
90011,100
90012,97
90013,92
90014,90
90015,99
90016,89
90017,100
90018,97
90019,89
90020,83
90021,99
90022,96
90023,99
90024,75
90025,58
90026,92
90027,73
90028,87
90029,97
90031,96
90032,93
90033,100
90034,59
90035,48
90036,47
90037,100
90038,97
90039,60
90040,89
90041,64
90042,86
90043,86
90044,100
90045,34
90046,54
90047,87
90048,36
90049,28
90056,27
90057,100
90058,100
90059,99
90061,98
90062,91
90063,93
90064,41
90065,81
90066,63
90067,15
90068,45
90069,38
90071,26
90073,52
90077,7
90079,
90089,77
90090,
90094,38
90095,
90201,98
90210,20
90211,52
90212,51
90220,90
90221,94
90222,96
90230,63
90232,43
90240,48
90241,74
90242,69
90245,34
90247,87
90248,58
90249,68
90250,86
90254,26
90255,98
90260,74
90262,92
90263,2
90265,14
90266,11
90270,98
90272,6
90274,4
90275,9
90277,23
90278,18
90280,92
90290,20
90291,55
90292,51
90293,27
90301,96
90302,94
90303,87
90304,94
90305,50
90401,65
90402,21
90403,37
90404,76
90405,56
90501,77
90502,51
90503,38
90504,43
90505,27
90506,
90601,51
90602,84
90603,12
90604,50
90605,57
90606,55
90620,39
90621,82
90623,23
90630,30
90631,62
90638,33
90640,86
90650,68
90660,60
90670,59
90680,82
90701,66
90703,20
90704,82
90706,83
90710,79
90712,27
90713,17
90715,62
90716,93
90717,60
90720,30
90723,87
90731,92
90732,27
90740,21
90742,37
90743,28
90744,94
90745,55
90746,34
90747,
90755,75
90802,89
90803,39
90804,93
90805,95
90806,94
90807,48
90808,13
90810,86
90813,100
90814,57
90815,34
90822,
90831,
91001,31
91006,28
91007,54
91008,27
91010,69
91011,2
91016,52
91020,73
91024,22
91030,37
91040,41
91042,70
91046,41
91101,74
91103,87
91104,74
91105,31
91106,61
91107,30
91108,4
91201,78
91202,62
91203,77
91204,90
91205,87
91206,71
91207,40
91208,22
91210,60
91214,18
91301,10
91302,14
91303,91
91304,74
91306,78
91307,17
91311,34
91316,52
91320,12
91321,77
91324,66
91325,70
91326,17
91330,2
91331,81
91335,81
91340,75
91342,67
91343,87
91344,33
91345,51
91350,15
91351,49
91352,83
91354,10
91355,38
91356,53
91360,34
91361,7
91362,17
91364,29
91367,46
91371,
91377,12
91381,21
91384,27
91387,47
91390,12
91401,88
91402,97
91403,34
91405,95
91406,86
91411,90
91423,42
91436,9
91501,65
91502,86
91504,47
91505,52
91506,49
91601,83
91602,51
91604,33
91605,91
91606,88
91607,64
91608,11
91701,17
91702,71
91706,73
91708,50
91709,20
91710,62
91711,29
91722,43
91723,74
91724,49
91730,68
91731,96
91732,90
91733,91
91737,28
91739,21
91740,51
91741,26
91744,70
91745,37
91746,63
91748,57
91750,33
91752,63
91754,70
91755,77
91759,11
91761,64
91762,79
91763,82
91764,85
91765,20
91766,84
91767,89
91768,89
91770,76
91773,32
91775,44
91776,79
91780,51
91784,3
91786,79
91789,18
91790,51
91791,51
91792,58
91801,73
91803,68
91901,33
91902,25
91905,58
91906,77
91910,80
91911,81
91913,41
91914,10
91915,24
91916,20
91917,71
91931,67
91932,88
91934,16
91935,10
91941,45
91942,70
91945,80
91948,1
91950,92
91962,12
91963,75
91977,71
91978,62
91980,
92003,37
92004,53
92007,37
92008,40
92009,12
92010,28
92011,22
92014,13
92019,45
92020,87
92021,81
92024,28
92025,91
92026,59
92027,68
92028,52
92029,13
92036,26
92037,29
92040,42
92054,75
92055,11
92056,42
92057,50
92058,66
92059,69
92060,15
92061,67
92064,28
92065,28
92066,67
92067,16
92069,66
92070,64
92071,30
92075,26
92078,42
92081,42
92082,32
92083,80
92084,67
92086,31
92091,17
92101,73
92102,95
92103,40
92104,70
92105,98
92106,28
92107,35
92108,54
92109,42
92110,58
92111,76
92113,99
92114,71
92115,93
92116,55
92117,47
92118,22
92119,23
92120,25
92121,44
92122,67
92123,50
92124,30
92126,44
92127,18
92128,22
92129,23
92130,18
92131,8
92132,
92134,
92135,1
92139,66
92140,2
92145,2
92147,
92154,73
92155,
92173,97
92201,81
92203,36
92210,7
92211,27
92220,85
92222,
92223,45
92225,93
92227,96
92230,81
92231,90
92233,98
92234,82
92236,78
92239,4
92240,95
92241,69
92242,62
92243,94
92249,82
92250,86
92251,55
92252,84
92253,42
92254,90
92256,50
92257,86
92258,78
92259,74
92260,56
92262,77
92264,55
92266,1
92267,11
92268,27
92270,27
92273,89
92274,83
92275,62
92276,56
92277,85
92278,21
92280,
92281,99
92282,84
92283,99
92284,75
92285,58
92301,97
92304,70
92305,36
92307,66
92308,71
92309,96
92310,46
92311,98
92313,47
92314,63
92315,76
92316,71
92320,35
92321,34
92322,24
92324,80
92325,44
92327,99
92328,50
92332,11
92333,17
92335,90
92336,40
92337,52
92338,
92339,13
92341,26
92342,25
92344,35
92345,85
92346,78
92347,63
92352,34
92354,69
92356,91
92358,69
92359,46
92363,92
92364,
92365,60
92368,98
92371,61
92372,23
92373,44
92374,69
92376,88
92377,34
92378,9
92382,56
92384,11
92385,39
92386,67
92389,60
92391,80
92392,81
92394,88
92395,93
92397,29
92398,88
92399,45
92401,100
92404,97
92405,98
92407,87
92408,98
92410,100
92411,96
92501,84
92503,69
92504,74
92505,72
92506,35
92507,95
92508,22
92509,73
92518,73
92530,80
92532,46
92536,48
92539,56
92543,97
92544,80
92545,65
92548,75
92549,35
92551,72
92553,92
92555,44
92557,65
92561,42
92562,37
92563,36
92567,66
92570,82
92571,77
92582,60
92583,88
92584,30
92585,52
92586,53
92587,35
92590,89
92591,46
92592,19
92595,54
92596,43
92602,32
92603,17
92604,43
92606,52
92610,14
92612,69
92614,51
92617,72
92618,41
92620,28
92624,25
92625,15
92626,52
92627,76
92629,20
92630,37
92637,34
92646,17
92647,61
92648,36
92649,33
92651,23
92653,32
92655,99
92656,23
92657,7
92660,27
92661,36
92662,11
92663,29
92672,36
92673,6
92675,37
92676,3
92677,22
92678,29
92679,1
92683,78
92688,19
92691,17
92692,15
92694,12
92701,95
92703,87
92704,75
92705,42
92706,84
92707,72
92708,33
92780,69
92782,26
92801,89
92802,91
92804,79
92805,87
92806,79
92807,13
92808,12
92821,40
92823,5
92831,79
92832,89
92833,54
92835,18
92840,67
92841,82
92843,80
92844,89
92845,13
92860,25
92861,9
92865,47
92866,82
92867,54
92868,82
92869,29
92870,43
92879,72
92880,29
92881,26
92882,53
92883,16
92886,10
92887,3
93001,77
93003,49
93004,42
93010,39
93012,16
93013,49
93015,64
93021,21
93022,27
93023,29
93030,83
93033,84
93035,45
93036,74
93040,78
93041,71
93042,
93043,58
93060,80
93063,29
93064,
93065,25
93066,26
93067,17
93101,88
93103,60
93105,46
93108,20
93109,55
93110,44
93111,31
93117,84
93201,96
93202,86
93203,97
93204,98
93205,82
93206,95
93207,49
93208,78
93210,91
93212,99
93215,89
93218,82
93219,98
93220,
93221,81
93222,51
93223,93
93224,63
93225,70
93226,1
93230,80
93234,100
93235,87
93238,47
93239,86
93240,72
93241,96
93242,90
93243,62
93244,8
93245,75
93247,96
93249,88
93250,94
93251,78
93252,84
93254,73
93255,53
93256,98
93257,95
93258,93
93260,69
93261,100
93262,20
93263,92
93265,31
93266,82
93267,94
93268,98
93270,94
93271,14
93272,91
93274,88
93276,84
93277,74
93280,92
93283,68
93285,60
93286,96
93287,1
93291,83
93292,72
93301,100
93304,98
93305,100
93306,84
93307,97
93308,94
93309,90
93311,28
93312,24
93313,63
93314,21
93401,55
93402,36
93405,83
93410,
93420,23
93422,30
93424,19
93426,33
93427,35
93428,28
93429,21
93430,30
93432,4
93433,59
93434,86
93436,83
93437,20
93440,76
93441,13
93442,49
93444,36
93445,71
93446,44
93449,24
93450,89
93451,66
93452,59
93453,51
93454,81
93455,31
93458,88
93460,19
93461,66
93463,36
93465,8
93501,96
93505,87
93510,20
93512,1
93513,16
93514,39
93516,91
93517,1
93518,51
93519,
93522,
93523,45
93524,1
93526,44
93527,44
93528,
93529,10
93530,1
93531,6
93532,22
93534,96
93535,89
93536,57
93541,15
93543,77
93544,35
93545,82
93546,49
93549,19
93550,95
93551,32
93552,61
93553,74
93554,47
93555,66
93558,
93560,78
93561,48
93562,81
93563,9
93591,69
93592,17
93601,30
93602,29
93603,60
93604,1
93605,22
93606,99
93608,79
93609,90
93610,89
93611,30
93612,89
93614,19
93615,97
93616,86
93618,94
93619,7
93620,87
93621,1
93622,98
93623,3
93624,94
93625,89
93626,21
93627,44
93628,11
93630,88
93631,67
93633,
93634,54
93635,86
93636,32
93637,82
93638,96
93640,100
93641,54
93643,51
93644,58
93645,1
93646,100
93647,97
93648,97
93650,94
93651,14
93652,88
93653,26
93654,81
93656,80
93657,86
93660,100
93662,90
93664,1
93665,37
93666,98
93667,27
93668,52
93669,36
93673,96
93675,48
93701,100
93702,100
93703,100
93704,85
93705,99
93706,100
93710,89
93711,42
93720,39
93721,100
93722,86
93723,56
93725,92
93726,98
93727,90
93728,99
93730,7
93901,82
93905,92
93906,76
93907,49
93908,14
93920,65
93921,15
93923,21
93924,34
93925,80
93926,67
93927,85
93928,19
93930,82
93932,55
93933,76
93940,47
93943,
93950,36
93953,11
93954,90
93955,77
93960,77
93962,1
94002,24
94005,21
94010,25
94014,60
94015,51
94019,28
94020,6
94021,37
94022,5
94024,1
94025,36
94027,2
94028,6
94030,29
94037,15
94038,21
94040,46
94041,48
94043,41
94044,19
94060,47
94061,47
94062,15
94063,85
94065,12
94066,40
94070,10
94074,1
94080,47
94085,53
94086,45
94087,23
94089,38
94102,91
94103,81
94104,97
94105,36
94107,63
94108,85
94109,63
94110,63
94111,65
94112,57
94114,29
94115,54
94116,35
94117,40
94118,52
94121,55
94122,49
94123,29
94124,91
94127,11
94128,42
94129,30
94130,98
94131,29
94132,75
94133,82
94134,74
94158,53
94301,37
94303,67
94304,50
94305,61
94306,30
94401,69
94402,17
94403,35
94404,22
94501,57
94502,9
94503,40
94505,12
94506,3
94507,2
94508,41
94509,85
94510,20
94511,56
94512,
94513,25
94514,64
94515,50
94516,10
94517,3
94518,42
94519,45
94520,86
94521,24
94523,28
94525,43
94526,6
94528,1
94530,38
94531,45
94533,75
94534,12
94535,38
94536,33
94538,41
94539,7
94541,76
94542,43
94544,65
94545,44
94546,39
94547,16
94548,37
94549,10
94550,13
94551,20
94552,7
94553,25
94555,19
94556,2
94558,43
94559,69
94560,29
94561,37
94563,2
94564,42
94565,80
94566,15
94567,43
94568,22
94569,28
94571,40
94572,78
94573,23
94574,45
94575,25
94576,58
94577,65
94578,85
94579,45
94580,39
94582,11
94583,17
94585,54
94586,26
94587,32
94588,14
94589,71
94590,93
94591,45
94592,24
94595,6
94596,36
94597,32
94598,7
94599,41
94601,99
94602,62
94603,95
94605,78
94606,91
94607,96
94608,67
94609,77
94610,42
94611,24
94612,94
94613,65
94618,18
94619,46
94621,99
94702,56
94703,63
94704,81
94705,31
94706,47
94707,3
94708,3
94709,65
94710,75
94720,2
94801,94
94803,34
94804,91
94805,48
94806,82
94850,
94901,75
94903,32
94904,24
94920,13
94922,42
94923,22
94924,34
94925,20
94928,57
94929,34
94930,18
94931,47
94933,73
94937,25
94938,24
94939,17
94940,8
94941,15
94945,35
94946,8
94947,23
94949,31
94950,19
94951,22
94952,39
94954,33
94956,43
94957,19
94960,12
94963,37
94964,42
94965,41
94970,11
94971,1
94972,
94973,15
95002,36
95003,15
95004,27
95005,18
95006,20
95007,46
95008,38
95010,68
95012,78
95013,8
95014,25
95017,41
95018,19
95019,96
95020,62
95023,60
95030,7
95032,16
95033,3
95035,38
95037,21
95039,75
95041,63
95043,48
95045,39
95046,34
95050,64
95051,31
95053,1
95054,33
95060,71
95062,63
95064,71
95065,27
95066,14
95070,4
95073,33
95075,24
95076,79
95110,80
95111,76
95112,92
95113,47
95116,88
95117,63
95118,29
95119,14
95120,2
95121,47
95122,79
95123,34
95124,14
95125,36
95126,68
95127,54
95128,63
95129,22
95130,28
95131,45
95132,39
95133,79
95134,35
95135,8
95136,47
95138,15
95139,19
95140,26
95148,32
95202,100
95203,98
95204,81
95205,98
95206,93
95207,92
95209,60
95210,96
95211,2
95212,45
95215,83
95219,41
95220,43
95222,40
95223,25
95224,5
95225,52
95226,
95227,63
95228,26
95230,83
95231,84
95232,11
95233,10
95234,
95236,47
95237,70
95240,89
95242,35
95245,42
95246,17
95247,24
95248,41
95249,78
95250,
95251,6
95252,18
95254,13
95255,36
95257,63
95258,35
95301,86
95303,77
95304,44
95305,
95306,20
95307,85
95310,46
95311,27
95312,63
95313,86
95314,2
95315,79
95316,61
95317,71
95318,31
95319,96
95320,51
95321,24
95322,87
95323,63
95324,62
95325,2
95326,50
95327,68
95328,86
95329,54
95330,54
95333,80
95334,84
95335,19
95336,72
95337,52
95338,59
95340,89
95341,99
95345,53
95346,18
95348,97
95350,83
95351,97
95354,92
95355,59
95356,58
95357,63
95358,81
95360,63
95361,59
95363,73
95364,
95365,96
95366,39
95367,64
95368,61
95369,65
95370,55
95372,16
95374,80
95375,
95376,63
95377,26
95379,53
95380,92
95382,62
95383,7
95385,52
95386,76
95387,63
95388,86
95389,81
95391,20
95401,67
95403,68
95404,56
95405,38
95407,81
95409,33
95410,37
95412,43
95415,78
95417,27
95420,27
95421,40
95422,97
95423,59
95425,49
95426,28
95427,84
95428,89
95429,1
95430,
95431,
95432,33
95435,20
95436,38
95437,82
95439,87
95441,46
95442,17
95443,65
95444,18
95445,23
95446,52
95448,35
95449,89
95450,32
95451,46
95452,6
95453,63
95454,69
95456,50
95457,64
95458,61
95459,48
95460,10
95461,52
95462,68
95463,1
95464,62
95465,32
95466,84
95467,14
95468,82
95469,37
95470,35
95471,74
95472,28
95476,45
95482,84
95485,30
95486,7
95488,35
95490,84
95492,30
95493,39
95494,49
95497,19
95501,85
95503,71
95511,13
95514,3
95519,64
95521,87
95524,24
95525,62
95526,40
95527,52
95528,45
95531,85
95536,56
95537,11
95540,75
95542,67
95543,64
95545,33
95546,83
95547,28
95548,79
95549,16
95550,37
95551,72
95552,43
95553,73
95554,57
95555,90
95556,75
95558,36
95559,79
95560,66
95562,62
95563,78
95564,88
95565,77
95567,55
95568,56
95569,16
95570,40
95571,16
95573,33
95585,81
95587,
95589,39
95595,15
95601,46
95602,22
95603,49
95604,14
95605,95
95606,55
95607,3
95608,65
95610,68
95612,28
95614,6
95615,36
95616,71
95618,61
95619,30
95620,56
95621,52
95623,5
95624,37
95625,34
95626,43
95627,59
95628,29
95629,20
95630,22
95631,23
95632,51
95633,43
95634,34
95635,25
95636,12
95637,60
95638,24
95639,26
95640,43
95641,66
95642,40
95645,81
95646,62
95648,19
95650,6
95651,3
95652,94
95653,50
95655,44
95658,7
95659,70
95660,87
95661,39
95662,31
95663,12
95664,9
95665,17
95666,35
95667,35
95668,42
95669,44
95670,71
95672,7
95673,60
95674,20
95675,35
95677,34
95678,52
95679,17
95680,
95681,9
95682,29
95683,2
95684,36
95685,59
95686,95
95687,47
95688,43
95689,24
95690,58
95691,67
95692,36
95693,21
95694,58
95695,70
95697,15
95698,52
95699,20
95701,29
95703,30
95709,37
95713,19
95714,41
95715,35
95717,50
95720,3
95721,
95722,5
95724,28
95726,37
95728,7
95735,9
95736,17
95742,10
95746,4
95747,21
95757,29
95758,43
95762,3
95765,14
95776,66
95811,90
95814,95
95815,99
95816,50
95817,87
95818,66
95819,20
95820,90
95821,89
95822,81
95823,96
95824,99
95825,96
95826,74
95827,71
95828,88
95829,38
95830,10
95831,41
95832,94
95833,73
95834,77
95835,23
95837,24
95838,92
95841,79
95842,88
95843,43
95864,21
95901,84
95903,39
95910,2
95912,70
95914,78
95915,
95916,66
95917,58
95918,21
95919,43
95920,55
95922,27
95923,
95925,62
95926,79
95928,80
95930,
95932,69
95934,35
95935,71
95936,4
95937,77
95938,27
95939,97
95941,60
95942,41
95943,69
95944,
95945,67
95946,20
95947,30
95948,68
95949,16
95950,93
95951,83
95953,86
95954,40
95955,61
95956,15
95957,42
95959,26
95960,60
95961,78
95962,40
95963,68
95965,91
95966,71
95968,88
95969,50
95970,66
95971,49
95973,49
95974,59
95975,59
95977,41
95978,94
95979,81
95981,3
95982,32
95983,4
95984,60
95986,
95987,70
95988,71
95991,91
95993,65
96001,64
96002,66
96003,68
96006,36
96007,69
96008,29
96009,5
96010,13
96011,80
96013,80
96014,42
96015,65
96016,25
96017,24
96019,75
96020,31
96021,87
96022,61
96023,80
96024,52
96025,60
96027,33
96028,18
96029,56
96031,50
96032,63
96033,40
96034,61
96035,74
96037,43
96038,55
96039,87
96040,8
96041,59
96044,56
96046,
96047,49
96048,20
96049,45
96050,67
96051,66
96052,62
96054,44
96055,51
96056,43
96057,41
96058,52
96059,67
96061,
96062,41
96063,44
96064,47
96065,70
96067,44
96068,86
96069,26
96071,16
96073,6
96074,43
96075,62
96076,54
96080,78
96084,61
96085,35
96086,66
96087,21
96088,33
96090,63
96091,27
96092,44
96093,75
96094,71
96096,44
96097,75
96101,63
96103,8
96104,43
96105,30
96106,9
96107,53
96108,
96109,55
96110,5
96111,5
96112,75
96113,74
96114,17
96115,41
96116,1
96117,49
96118,58
96119,54
96120,50
96121,1
96122,46
96123,7
96124,44
96125,1
96126,20
96128,21
96129,1
96130,71
96132,59
96133,34
96134,91
96135,13
96136,
96137,50
96140,21
96141,36
96142,48
96143,59
96145,5
96146,10
96148,49
96150,63
96155,
96161,21
96701,26
96703,43
96704,70
96705,35
96706,27
96707,30
96708,40
96710,26
96712,24
96713,30
96714,83
96716,29
96717,61
96719,60
96720,65
96722,20
96725,49
96726,38
96727,50
96728,17
96729,37
96730,45
96731,33
96732,53
96734,22
96737,86
96738,27
96740,43
96741,36
96742,46
96743,38
96744,14
96746,37
96747,59
96748,61
96749,43
96750,38
96751,1
96752,35
96753,40
96754,19
96755,47
96756,62
96757,58
96759,80
96760,33
96761,55
96762,44
96763,39
96764,25
96765,32
96766,37
96768,36
96769,62
96770,86
96771,73
96772,38
96773,37
96774,30
96776,50
96777,53
96778,75
96779,47
96780,70
96781,66
96782,27
96783,76
96785,20
96786,63
96789,12
96790,29
96791,50
96792,85
96793,48
96795,37
96796,56
96797,47
96813,51
96814,57
96815,53
96816,32
96817,80
96818,44
96819,76
96821,6
96822,48
96825,8
96826,74
96850,
96853,1
96857,1
96859,
96860,1
96863,
97001,78
97002,11
97004,7
97005,89
97006,54
97007,32
97008,59
97009,29
97011,32
97013,35
97014,48
97015,44
97016,51
97017,14
97018,15
97019,15
97020,26
97021,26
97022,20
97023,35
97024,47
97026,68
97027,64
97028,20
97029,54
97030,85
97031,41
97032,42
97033,22
97034,7
97035,13
97037,22
97038,46
97039,37
97040,39
97041,47
97042,30
97045,26
97048,45
97049,25
97050,52
97051,66
97053,3
97054,16
97055,31
97056,32
97057,41
97058,65
97060,52
97062,41
97063,33
97064,23
97065,49
97067,26
97068,8
97070,46
97071,75
97080,35
97086,33
97089,6
97101,42
97102,17
97103,48
97106,8
97107,37
97108,33
97109,8
97110,60
97111,23
97112,64
97113,43
97114,29
97115,24
97116,55
97117,24
97118,51
97119,23
97121,32
97122,16
97123,55
97124,43
97125,3
97127,26
97128,64
97130,10
97131,27
97132,53
97133,8
97134,44
97135,33
97136,47
97137,26
97138,55
97140,8
97141,66
97144,35
97145,7
97146,36
97147,65
97148,19
97149,1
97201,73
97202,47
97203,78
97204,84
97205,75
97206,55
97208,
97209,67
97210,32
97211,44
97212,22
97213,36
97214,51
97215,34
97216,75
97217,44
97218,80
97219,19
97220,69
97221,12
97222,63
97223,42
97224,32
97225,21
97227,70
97229,15
97230,77
97231,9
97232,47
97233,97
97236,89
97239,43
97266,85
97267,39
97301,93
97302,50
97303,58
97304,41
97305,86
97306,45
97317,61
97321,27
97322,65
97324,47
97325,53
97326,31
97327,35
97329,75
97330,63
97331,2
97333,62
97338,39
97341,37
97342,16
97343,63
97344,64
97345,31
97346,45
97347,86
97348,21
97350,46
97351,61
97352,52
97355,57
97357,39
97358,18
97360,68
97361,68
97362,67
97364,37
97365,71
97366,21
97367,64
97368,62
97369,17
97370,9
97371,30
97373,26
97374,32
97375,9
97376,42
97377,68
97378,44
97380,63
97381,31
97383,58
97384,
97385,23
97386,78
97388,8
97389,49
97390,49
97391,53
97392,13
97394,54
97396,58
97401,80
97402,81
97403,73
97404,45
97405,44
97406,11
97408,34
97410,65
97411,66
97412,49
97413,54
97414,64
97415,45
97416,64
97417,83
97419,26
97420,73
97423,46
97424,65
97426,44
97429,53
97430,28
97431,47
97434,77
97435,19
97436,11
97437,23
97438,20
97439,53
97441,40
97442,75
97443,72
97444,41
97446,66
97447,12
97448,48
97449,26
97450,26
97451,1
97452,12
97453,40
97454,27
97455,29
97456,60
97457,67
97458,61
97459,62
97461,59
97462,46
97463,86
97465,74
97466,79
97467,70
97469,79
97470,67
97471,47
97473,12
97476,1
97477,83
97478,56
97479,46
97480,70
97481,40
97484,39
97486,15
97487,40
97488,31
97489,1
97490,20
97492,66
97493,39
97494,2
97495,25
97496,61
97497,53
97498,26
97499,44
97501,85
97502,48
97503,64
97504,64
97520,58
97522,59
97523,84
97524,28
97525,37
97526,64
97527,65
97530,39
97531,49
97532,49
97534,43
97535,59
97536,61
97537,49
97538,31
97539,38
97540,66
97541,75
97543,44
97544,57
97601,83
97603,66
97604,20
97620,19
97621,1
97622,59
97623,66
97624,53
97625,11
97626,41
97627,36
97630,78
97632,75
97633,46
97634,3
97635,48
97636,44
97637,40
97638,64
97639,61
97640,31
97641,75
97701,38
97702,33
97707,26
97710,10
97711,3
97712,33
97720,48
97721,39
97722,8
97730,2
97731,61
97732,29
97733,80
97734,35
97735,9
97736,83
97737,12
97738,22
97739,51
97741,76
97750,28
97751,16
97752,
97753,4
97754,57
97756,56
97758,63
97759,13
97760,38
97761,88
97801,75
97810,15
97812,63
97813,39
97814,47
97817,20
97818,73
97819,38
97820,23
97823,35
97824,29
97825,27
97826,64
97827,36
97828,55
97830,49
97833,18
97834,31
97835,39
97836,34
97837,6
97838,78
97839,27
97840,17
97841,12
97842,35
97843,30
97844,59
97845,77
97846,28
97848,30
97850,66
97856,54
97857,44
97859,60
97862,77
97864,68
97865,28
97867,71
97868,48
97869,38
97870,36
97873,17
97874,29
97875,67
97876,5
97877,44
97880,57
97882,87
97883,31
97884,27
97885,56
97886,18
97901,59
97903,20
97904,29
97905,40
97906,62
97907,73
97908,54
97909,1
97910,44
97911,52
97913,79
97914,88
97918,73
97920,41
98001,31
98002,80
98003,82
98004,33
98005,31
98006,5
98007,59
98008,24
98010,5
98011,24
98012,18
98014,6
98019,3
98020,9
98021,10
98022,36
98023,45
98024,6
98026,14
98027,24
98028,15
98029,18
98030,88
98031,57
98032,80
98033,19
98034,28
98036,50
98037,53
98038,9
98039,2
98040,18
98042,12
98043,50
98045,17
98047,63
98050,1
98051,18
98052,28
98053,1
98055,49
98056,46
98057,88
98058,29
98059,17
98065,2
98068,1
98070,15
98072,11
98074,1
98075,2
98077,1
98087,59
98092,36
98101,52
98102,37
98103,32
98104,87
98105,71
98106,78
98107,34
98108,90
98109,44
98110,6
98112,30
98115,30
98116,16
98117,13
98118,74
98119,43
98121,46
98122,66
98125,59
98126,51
98133,54
98134,88
98136,18
98144,64
98146,71
98148,84
98154,
98155,27
98158,
98164,21
98166,50
98168,81
98174,
98177,7
98178,65
98188,72
98195,
98198,72
98199,21
98201,82
98203,60
98204,82
98205,16
98207,
98208,36
98220,9
98221,26
98222,3
98223,22
98224,38
98225,70
98226,59
98229,31
98230,32
98232,40
98233,65
98235,47
98236,12
98237,59
98238,
98239,14
98240,18
98241,68
98243,22
98244,42
98245,30
98247,59
98248,37
98249,23
98250,28
98251,21
98252,29
98253,4
98255,73
98256,66
98257,37
98258,21
98260,15
98261,26
98262,28
98263,15
98264,35
98266,84
98267,87
98270,36
98271,37
98272,30
98273,71
98274,25
98275,12
98276,38
98277,44
98278,1
98279,19
98280,15
98281,35
98282,11
98283,56
98284,48
98286,11
98288,56
98290,18
98292,14
98294,29
98295,50
98296,4
98297,26
98303,11
98304,27
98305,56
98310,72
98311,21
98312,47
98314,16
98315,31
98320,35
98321,19
98323,27
98325,33
98326,58
98327,29
98328,21
98329,15
98330,44
98331,89
98332,6
98333,9
98335,11
98336,56
98337,65
98338,26
98339,35
98340,5
98342,18
98345,23
98346,21
98349,24
98350,98
98351,37
98353,11
98354,34
98355,69
98356,59
98357,87
98358,31
98359,37
98360,24
98361,44
98362,56
98363,60
98364,23
98365,21
98366,52
98367,26
98368,35
98370,12
98371,32
98372,40
98373,51
98374,30
98375,30
98376,33
98377,44
98380,21
98381,6
98382,29
98383,30
98385,33
98387,43
98388,28
98390,59
98391,8
98392,36
98394,5
98396,35
98402,83
98403,40
98404,82
98405,77
98406,24
98407,35
98408,77
98409,82
98416,2
98418,61
98421,54
98422,18
98424,64
98430,
98433,52
98438,11
98439,91
98443,25
98444,89
98445,60
98446,34
98447,1
98465,69
98466,48
98467,56
98498,39
98499,92
98501,42
98502,60
98503,55
98506,40
98512,31
98513,31
98516,22
98520,79
98524,11
98526,59
98527,24
98528,48
98530,85
98531,76
98532,43
98533,3
98535,71
98536,13
98537,35
98538,46
98541,48
98542,33
98544,23
98546,20
98547,44
98548,33
98550,60
98552,36
98555,23
98557,39
98558,16
98559,
98560,15
98562,11
98563,29
98564,55
98565,76
98568,55
98569,46
98570,23
98571,32
98572,33
98575,11
98576,47
98577,45
98579,34
98580,47
98581,20
98582,36
98583,16
98584,68
98585,57
98586,59
98587,89
98588,17
98589,35
98590,31
98591,16
98592,6
98593,73
98595,51
98596,51
98597,35
98601,34
98602,5
98603,14
98604,19
98605,68
98606,6
98607,9
98610,64
98611,26
98612,18
98613,40
98614,28
98616,9
98617,80
98619,33
98620,63
98621,10
98624,53
98625,21
98626,65
98628,44
98629,14
98631,70
98632,76
98635,68
98638,10
98639,25
98640,48
98641,
98642,6
98643,17
98644,37
98645,15
98647,20
98648,54
98649,30
98650,21
98651,14
98660,77
98661,76
98662,53
98663,57
98664,51
98665,46
98670,49
98671,17
98672,32
98673,89
98674,48
98675,20
98682,41
98683,49
98684,52
98685,10
98686,26
98801,68
98802,51
98811,42
98812,85
98813,92
98814,38
98815,39
98816,54
98817,5
98819,57
98821,9
98822,46
98823,43
98824,90
98826,29
98827,55
98828,58
98829,64
98830,62
98831,57
98832,8
98833,31
98834,16
98836,66
98837,72
98840,73
98841,73
98843,85
98844,71
98845,53
98846,54
98847,42
98848,78
98849,84
98850,72
98851,68
98852,24
98853,
98855,72
98856,50
98857,74
98858,21
98859,6
98860,56
98862,38
98901,95
98902,93
98903,68
98908,31
98921,33
98922,48
98923,43
98925,11
98926,58
98929,
98930,76
98932,93
98933,75
98934,70
98935,72
98936,48
98937,30
98938,79
98939,54
98940,1
98941,48
98942,45
98943,40
98944,85
98946,31
98947,74
98948,90
98950,66
98951,89
98952,92
98953,61
99001,91
99003,21
99004,54
99005,8
99006,19
99008,50
99009,40
99011,28
99012,24
99013,76
99016,19
99017,44
99018,19
99019,19
99020,
99021,26
99022,39
99023,1
99025,9
99026,7
99027,8
99029,22
99030,34
99031,6
99032,38
99033,35
99034,3
99036,12
99037,39
99039,23
99040,81
99101,40
99102,49
99103,6
99105,28
99109,58
99110,55
99111,41
99113,1
99114,45
99115,34
99116,42
99117,13
99118,61
99119,33
99121,44
99122,32
99123,37
99124,60
99125,32
99126,59
99128,1
99129,74
99130,47
99131,37
99133,63
99134,35
99135,17
99136,33
99137,63
99138,73
99139,42
99140,79
99141,39
99143,28
99144,4
99146,
99147,4
99148,22
99149,50
99150,37
99151,30
99152,35
99153,51
99154,1
99155,92
99156,51
99157,69
99158,31
99159,39
99160,49
99161,2
99163,77
99164,
99166,77
99167,9
99169,42
99170,28
99171,39
99173,67
99174,51
99176,12
99179,6
99180,38
99181,31
99185,18
99201,87
99202,89
99203,9
99204,83
99205,59
99206,54
99207,88
99208,46
99212,39
99216,66
99217,63
99218,70
99223,39
99224,32
99301,72
99320,39
99321,67
99322,15
99323,46
99324,56
99326,86
99328,38
99329,65
99330,54
99333,21
99335,37
99336,89
99337,30
99338,4
99341,53
99343,81
99344,91
99345,36
99346,37
99347,29
99348,86
99349,80
99350,71
99352,20
99353,14
99354,49
99356,77
99357,76
99359,40
99360,16
99361,33
99362,58
99363,93
99371,50
99401,18
99402,19
99403,50
99501,83
99502,32
99503,79
99504,60
99505,39
99506,32
99507,27
99508,83
99510,1
99513,
99515,27
99516,2
99517,48
99518,37
99519,1
99540,20
99546,73
99547,46
99548,66
99549,65
99550,35
99551,90
99552,82
99553,61
99554,92
99555,81
99556,35
99557,92
99558,86
99559,92
99561,72
99563,87
99564,46
99565,33
99566,92
99567,15
99568,40
99569,93
99571,33
99572,18
99573,29
99574,18
99575,97
99576,78
99577,14
99578,85
99579,24
99580,82
99581,91
99583,37
99585,99
99586,60
99587,17
99588,27
99589,88
99590,96
99591,34
99602,85
99603,50
99604,93
99605,42
99606,88
99607,83
99609,83
99610,22
99611,61
99612,75
99613,61
99614,90
99615,59
99620,91
99621,93
99622,74
99624,80
99625,83
99626,88
99627,85
99628,81
99630,71
99631,18
99632,96
99633,44
99634,92
99636,92
99637,94
99638,63
99639,32
99640,89
99641,88
99643,85
99644,77
99645,36
99647,9
99648,70
99649,76
99650,98
99651,60
99652,55
99653,29
99654,40
99655,88
99656,37
99657,96
99658,88
99659,94
99660,78
99661,67
99662,98
99663,16
99664,69
99665,100
99666,93
99667,37
99668,92
99669,46
99670,46
99671,94
99672,30
99674,50
99676,30
99677,27
99678,92
99679,98
99680,95
99681,92
99682,72
99683,57
99684,78
99685,61
99686,23
99688,45
99689,56
99690,75
99691,90
99692,37
99693,67
99694,47
99695,
99701,82
99702,21
99703,26
99704,
99705,43
99706,4
99709,32
99712,24
99714,8
99720,96
99721,91
99722,92
99723,84
99724,96
99726,8
99727,86
99729,32
99730,53
99732,20
99733,96
99734,1
99736,87
99737,31
99738,61
99739,83
99740,88
99741,74
99742,89
99743,15
99744,27
99745,96
99746,78
99747,68
99748,52
99749,86
99750,91
99751,98
99752,90
99753,89
99754,72
99755,36
99756,22
99757,74
99758,87
99759,100
99760,63
99761,82
99762,71
99763,98
99764,81
99765,68
99766,84
99767,74
99768,91
99769,89
99770,95
99771,74
99772,96
99773,92
99774,100
99775,17
99776,77
99777,83
99778,97
99780,74
99781,90
99782,80
99783,89
99784,90
99785,97
99786,89
99788,86
99789,80
99790,28
99791,87
99801,33
99820,72
99824,57
99825,20
99826,16
99827,43
99829,62
99830,63
99832,26
99833,42
99835,50
99836,25
99840,46
99841,11
99901,57
99903,
99918,44
99919,36
99921,74
99922,85
99923,
99925,71
99926,62
99927,
99929,53
